berita,label
"Sebanyak 34 anggota polisi dimintai keterangan di Ditreskrimum Polda Jawa Timur terkait  Tragedi Kanjuruhan Malang hari ini, Senin (17/10).",0
"Selebritas Nikita Mirzani, tak terlihat ikut bersama pengacaranya, Fahmi Bachmid, di Mapolresta Serang Kota, Banten, Senin (17/10).",0
Wakil Gubernur Jawa Timur Emil Dardak membantah tudingan Sekjen DPP PDIP Hasto Kristiyanto yang menyebut komunikasinya kurang baik dengan para kepala daerah PDIP di Jatim.,0
"Dua orang warga yang merupakan kakak dan adik terseret banjir di rumahnya di Banjar Dinas Santi, Desa Selat, Kabupaten Karangasem, Bali, Senin (17/10).",0
"Banjir bandang yang menerjang jembatan Biluh Poh di Kecamatan Mendoyo, Kabupaten Jembarana, Bali, mengakibatkan jalur utama Gilimanuk- Denpasar, Bali, tidak bisa dilewati dan saat ini ditutup.",0
"Tim gabungan telah menemukan satu korban yang tertimbun tanah longsor di Kabupaten Jeneponto, Sulawesi Selatan. Dengan demikian, total tiga korban jiwa yang tertimbun sudah ditemukan semuanya.",0
Sekjen PDIP Hasto Kristiyanto menyebut Wakil Gubernur Jawa Timur Emil Dardak memiliki hubungan kurang baik dengan kepala daerah lainnya yang merupakan kader PDIP.,0
Dewan Pimpinan Wilayah Partai Persatuan Pembangunan (PPP) dan Partai Amanat Nasional (PAN) Nusa Tenggara Timur mendeklarasikan Ganjar Pranowo sebagai calon presiden 2024. Deklarasi tersebut berlangsung Minggu (16/10).,0
Kepala Dinas Kesehatan Provinsi Bali I Nyoman Gede Anom mengungkapkan 11 pasien gagal ginjal misterius dan akut yang meninggal di Bali mendapatkan penanganan yang terlambat.,0
Wali Kota Bandung Yana Mulyana berharap ibu kota Jawa Barat tetap berada di Kota Bandung.Hal tersebut ia lontarkan menanggapi wacana pemindahan ibu kota Jawa Barat.,0
"Sebuah video yang menampilkan seorang Warga Negara Asing (WNA) tergulung ombak yang dipenuhi sampah saat berselancar atau surfing di Pantai Batu Bolong, Canggu, Kecamatan Kuta Utara, Kabupaten Badung, Bali, viral di media sosial.",0
"Sebanyak 11 orang pasien anak di Rumah Sakit Umum Pusat (RSUP) Prof Ngoerah, Denpasar, Bali, yang mengidap penyakit gagal ginjal misterius dan akut atau Acute Kidney Injury (AKI) meninggal dunia.",0
"Irjen Pol Teddy Minahasa dikabarkan ditangkap terkait kasus narkoba. Padahal belum sepekan dia ditetapkan menjadi Kapolda Jawa Timur (Jatim), dan dijadwalkan serah terima jabatan (Sertijab) pekan depan.",0
"Eks Pangdam Cenderawasih Mayjen TNI (Purn) Fransen Goncang membeberkan perihal peluru tajam dalam kesaksiannya di sidang kasus HAM Paniai Papua yang digelar di Pengadilan Negeri Makassar, Sulawesi Selatan, Kamis (14/10).",0
"Suporter Arema FC atau Aremania menyatakan Ade Armando seharusnya bisa mempertanggungjawabkan pernyataannya dan tak takut datang ke Malang, Jawa Timur, bila dipanggil polisi untuk diperiksa.",0
"Kapolri Jenderal Pol Listyo Sigit Prabowo menyinggung perihal upaya melakukan penguatan struktur organisasi Detasemen Khusus (Densus) 88 Antiteror Polri saat berbicara dalam peringatan dua dekade Tragedi Bom Bali, Rabu (12/10) malam.",0
"Kabid Dokkes Polda Jatim, Kombes Pol dr Erwinn Zainul Hakim mengatakan saat ini sudah ada dua jenazah korban Tragedi Kanjuruhan, yang keluarganya mengajukan proses autopsi.",0
"Pengurus Wilayah Nahdlatul Ulama (PWNU) Jawa Timur memprotes keras penyelenggaraan 'Surabaya Islamic Festival' yang digelar oleh Hijrahfest, di Jatim Expo, Surabaya, 14-16 Oktober 2022.",0
"Mantan Wakapolri Komjen (Purn) Ari Dono Sukamto jadi saksi dalam persidangan kasus pelanggaran Hak Asasi Manusia (HAM) di Paniai, Papua, yang digelar di Pengadilan Negeri (PN) Makassar, Kamis (13/10).",0
"Jumlah korban Tragedi Kanjuruhan, Malang, Jawa Timur, terus bertambah. Kini korban luka dan tewas menjadi total menjadi 754 orang, per Kamis (13/10).",0
"Sekolah Menengah Pertama (SMP) 16 Ambon, Sekolah Dasar (SD) Inpres 54 dan Sekolah Dasar (SD) Inpres 55 Ambon, Desa Nania, Kecamatan Baguala, Kota Ambon, Maluku disegel. Kamis (13/10).",0
"Polisi militer dari Pomdam IV Diponegoro telah memeriksa dua prajurit TNI sebagai saksi terkait kasus pembunuhan aparatur sipil negara (ASN) Pemkot Semarang, Iwan Budi Prasetyo yang juga saksi dugaan korupsi.",0
"Sidang lanjutan kasus pelanggaran Hak Asasi Manusia (HAM) berat di Paniai Papua kembali berlangsung di PN Makassar, Sulawesi Selatan, Rabu (12/10).",0
"Tiga anggota polisi dari Polrestabes Medan dipecat usai terlibat dalam aksi perampokan sepeda motor milik warga. Pemecatan tersebut berdasarkan hasil sidang etik Propam Polda Sumut, Selasa (11/10).",0
"Sumur minyak tradisional yang berada di Desa Seuneubok Lapang, Kecamatan Peurelak Timur, Kabupaten Aceh Timur, Aceh kembali meledak dan menelan korban jiwa.",0
"Dua anak laki-laki berusia 12 dan 8 tahun ditemukan tewas tenggelam di bekas galian tambang di Desa Batara, Kecamatan Labakkang, Kabupaten Pangkep, Sulawesi Selatan. Diduga para korban tenggelam saat berenang di bekas galian tersebut bersama rekan-rekannya.",0
"Kantor Rektor Universitas Sultan Ageng Tirtayasa (Untirta) di Serang, Banten, digeledah Komisi Pemberantasan Korupsi (KPK) beberapa waktu lalu.",0
"Uji coba Damri rute Kupang, Nusa Tenggara Timur menuju Dili, Timor Leste, melalui Pos Lintas Batas Negara (PLBN) mulai dilakukan.",0
Kapolri Jenderal Pol Listyo Sigit Prabowo memerintahkan jajarannya di kepolisian untuk memperketat pengamanan saat Konferensi Tingkat Tinggi (KTT) G20 digelar di Indonesia.,0
Polda Sumatera Utara menetapkan 14 orang sebagai tersangka dari 15 orang yang ditangkap terkait judi online beromzet miliaran Rupiah jaringan Apin BK.,0
"Suprapti Fauzi, penjual dawet gadungan di Kanjuruhan yang mendiskreditkan suporter Arema FC, rupanya merupakan kader Partai Solidaritas Indonesia (PSI).",0
"Tersangka Tragedi Kanjuruhan, Direktur Utama PT Liga Indonesia Baru (LIB) Akhmad Hadian Lukita telah diperiksa penyidik selama 12 jam. Namun demikian ia tak ditahan oleh pihak kepolisian.",0
"Salah satu tersangka Tragedi Kanjuruhan, Ketua Panpel Arema FC Abdul Haris, mengungkap penjualan tiket pertandingan laga Arema vs Persebaya sebanyak 42.516 adalah arahan dan sepengetahuan Kapolres Malang AKBP Ferli Hidayat.",0
"Seorang penumpang Turkish Airlines rute Istanbul - Jakarta, Muhammad Jhons Jaiz Boudewijn mengalami luka-luka usai dikeroyok penumpang di dalam pesawat. Pria asal Indonesia itu mabuk dan menyerang kru pesawat sehingga menyulut emosi penumpang lainnya.",0
"Panglima TNI Jenderal Andika Perkasa enggan membeberkan rencana ke depan termasuk terjun ke politik, jelang memasuki masa pensiun. Andika memasuki masa pensiun sekitar dua bulan lagi.",0
"Direktur Utama PT Liga Indonesia Baru Akhmad Hadian Lukita yang menjadi salah satu tersangka kasus Tragedi Kanjuruhan, tiba di Mapolda Jatim, Surabaya untuk menjalani pemeriksaan lanjutan, Rabu (12/10).",0
Polda Jawa Barat menyelidiki kasus 10 pembuat konten Youtube atau Youtuber yang dilaporkan karena membuat konten video horor di sebuah rumah kosong di Kota Bandung namun tanpa izin dari pemilik bangunan.,0
"Direktur Utama PT Liga Indonesia Baru (LIB), Akhmad Hadian Lukita dan tiga anggota Polri yang jadi tersangka Tragedi Kanjuruhan, akan diperiksa di Mapolda Jatim, Rabu (12/10).",0
Pemerintah Provinsi Sulawesi Selatan menyiapkan anggaran Rp15 miliar untuk mengantisipasi dampak dari lonjakan inflasi. ,0
Petugas mengevakuasi perempuan hamil yang terjebak kemacetan karena longsor di Jalan Poros Majene-Mamuju. Saat itu hujan deras mengguyur Sulawesi Barat.,0
"Dua tersangka Tragedi Kanjuruhan, Ketua Panpel Arema FC Abdul Haris dan Security Officer Suko Sutrisno, telah menjalani pemeriksaan selama 12 jam di Mapolda Jatim, Surabaya, Selasa (11/10). Namun keduanya tak ditahan.",0
"Tiga anggota Polri yang menjadi tersangka dalam tragedi Kanjuruhan, Malang, meminta pemeriksaan mereka di Polda Jawa Timur. Sebab, mereka mengatakan belum didampingi pengacara.",0
"Seorang guru Sekolah Dasar (SD) di Kabupaten Way Kanan, Lampung, diduga mencabuli lima siswi kelas III. Guru berinisial DR (56) itu juga diduga memfoto alat vital para korbannya tersebut.",0
"Proyek pembangunan jalur sejajar Berastagi-Medan di Kecamatan Kutalimbari, Deliserdang, Sumatra Utara terus dikebut demi menunjang pertumbuhan ekonomi wilayah tersebut, termasuk sektor pariwisata.",0
"Pegiat media sosial yang juga dosen Universitas Indonesia (UI) Ade Armando dilaporkan ke polisi oleh superter Arema FC, Aremania buntut pernyataannya perihal Tragedi Kanjuruhan.",0
Universitas Gadjah Mada (UGM) menegaskan klarifikasi mereka soal tudingan ijazah palsu Presiden Joko Widodo tidak dilatarbelakangi alasan Jokowi berstatus presiden.,0
"Korban tewas Tragedi Kanjuruhan Malang, Jawa Timur, yang terjadi pada Sabtu malam (1/10) lalu bertambah satu orang pada Selasa (11/10).",0
"Seorang suporter Arema FC, Helen Pricela meninggal dunia setelah 10 hari dirawat di RSUD dr Saiful Anwar, Malang, Jawa Timur. Helen merupakan korban meninggal dunia terbaru terkait tragedi di Stadion Kanjuruhan.",0
Universitas Gadjah Mada (UGM) mementahkan soal dugaan ijazah palsu Presiden Joko Widodo (Jokowi).,0
"Polres Pidie, Aceh mulai melakukan penyidikan terkait kasus dukun inisial BT (48) yang dijuluki pesulap hijau, terkait dugaan pencabulan terhadap pasien dengan modus pengobatan alternatif.",0
"Pemerintah Kota (Pemkot) Bandung, Jawa Barat, memproses secara hukum serta menegur seorang kepala sekolah yang diduga terlibat politik praktis.

Wali Kota Bandung Yana Mulyana menegaskan ada regulasi yang melarang aparatur sipil negara (ASN) terlibat dalam kegiatan partai politik. Dia pun menyesalkan sikap kepala sekolah itu yang diduga terlibat politik.

""Ini sedang berproses, udah dimintai keterangan, membuat surat pernyataan,"" kata Yana di Bandung, Jawa Barat, Senin (10/10) seperti dikutip dari Antara.",0
Polda Sumatera Utara menangkap 15 orang yang diduga terlibat dalam jaringan judi online beromzet miliaran rupiah milik Apin BK yang disebut-sebut termasuk jaringan Konsorsium 303.,0
Sekjen PDIP Hasto Kristiyanto mengatakan Partai NasDem perlu menjawab pertanyaan dari masyarakat mengenai banjir yang terjadi di DKI Jakarta.,0
Personel Polda Aceh menggagalkan penyelundupan sabu seberat 179 kilo jaringan Internasional Malaysia-Aceh. Dalam peristiwa itu satu kurir atau penjemput sabu ditangkap.,0
Gubernur Jawa Barat Ridwan Kamil menyoroti prakiraan cuaca ekstrem yang melanda wilayah Jawa Barat. Ia pun meminta Badan Penanggulangan Bencana Daerah (BPBD) Provinsi Jabar untuk siaga satu menanggulangi potensi bencana akibat cuaca ekstrem menjelang akhir tahun.,0
"Tiga personel Polrestabes Medan, Sumatera Utara, yang diduga terlibat dalam percobaan perampokan sepeda motor akhirnya ditahan.",0
"Seorang wanita di Desa Sukaoneng, Kecamatan Tambak, Pulau Bawean, Gresik, Jawa Timur, diduga kesurupan oleh warga sekitar. Sebabnya, ia tiba-tiba berdiri di atap rumah warga pada Minggu (9/10) dini hari sambil tertawa terbahak-bahak.",0
"Pengacara Moch Subchi Atsal Tsani (MSAT) alias Bechi, I Gede Pasek Suardika, menilai tuntutan jaksa terhadap kliennya kejam. Bechi, anak kiai Jombang, yang jadi terdakwa kasus pencabulan dan pemerkosaan terhadap santri itu dituntut 16 tahun penjara.",0
"Sekretaris Badan Penanggulangan Bencana Daerah (BPBD) Jember Heru Widagdo mengatakan atap Sekolah Dasar Negeri (SDN) Gelang 7 di Desa Gelang, Kabupaten Jember, Jawa Timur ambruk.",0
"Video pemilihan Nyong dan Nona Alor 2022, Nusa Tenggara Timur (NTT), viral di media sosial, Sabtu (8/10). Pasalnya, salah satu pasangan peserta audisi menyebut stunting sebagai ""spot wisata"".",0
"Seorang pria mahasiswa Universitas Gadjah Mada (UGM) berinisial TSR (18) diduga bunuh diri dengan melompat dari lantai 11 Hotel Porta, Bulaksumur, Sleman, DI Yogyakarta, Sabtu (8/10) sore.",0
Tersangka pembunuhan satu keluarga sempat mencium salah satu korban yang merupakan sepupunya sebelum melemparnya ke dalam septic tank.,0
Empat perjalanan kereta api tertahan cukup lama akibat penurunan tanah karena hujan deras mengguyur Cilacap sejak Jumat hingga Sabtu (8/10) dini hari.,0
"Seorang warga Denpasar Utara, I Gede Durga Wira Darma (22) tewas usai terseret arus banjir di Jembatan Sungai Jalan Bung Tomo, Denpasar Utara, Bali pada Sabtu (8/10) dini hari.",0
Wali Kota Medan Bobby Nasution bakal berkantor selama tiga bulan di kawasan Medan bagian utara untuk menangani masalah banjir.,0
Badan Meteorologi Klimatologi dan Geofisika (BMKG) Stasiun Klimatologi Jawa Barat mengungkap wilayah-wilayah di Jabar yang berpotensi dilanda hujan sedang hingga lebat yang disertai kilat atau petir dan angin kencang.,0
"Mabes Polri menyatakan sejauh ini ada 20 anggotanya yang diduga melakukan pelanggaran etik terkait proses pengamanan yang berujung Tragedi Kanjuruhan Malang, Jawa Timur.",0
"Kasus HAM Paniai Papua dilanjutkan persidangannya di Pengadilan HAM yang berlokasi di PN Makassar, Sulawesi Selatan, Kamis (6/10).",0
Gubernur Bali Wayan Koster akan menyetujui terkait permintaan Menko Marves Luhut Binsar Pandjaitan untuk menerapkan Work Form Home (WFH) dan sekolah daring saat puncak KTT G20.,0
"Polisi menangkap anggota DPRK Aceh Timur berinisial MA (52) dan rekannya di Desa Paya Demam, Kecamatan Pante Bidari, Kabupaten Aceh Timur. Mereka ditangkap saat menggunakan sabu.",0
"Bencana tanah longsor dan banjir dilaporkan melanda sejumlah wilayah Kabupaten Banyumas, Jawa Tengah akibat hujan lebat yang terjadi sejak Jumat (7/10) siang.",0
"Polisi mengakui gas air mata tak hanya ditembakkan di dalam Stadion Kanjuruhan, tetapi juga di luar stadion, pada Sabtu (1/10) malam.",0
"Polisi menyatakan bakal mengusut kerusuhan di luar Stadion Kanjuruhan, Malang, Jawa Timur, yang terjadi pada Sabtu (1/10) malam. Kepala Divisi Humas Polri Irjen Dedi Prasetyo menuturkan di luar stadion terjadi insiden perusakan hingga pembakaran usai laga Arema FC dan Persebaya.",0
"Propam Polda Maluku Utara (Malut) menahan empat anggota Polres Halmahera Utara (Halut) karena diduga melakukan penganiayaan terhadap seorang mahasiswa Universitas Halmahera (Uniera), Yulius Yatu alias Ongen.",0
"Jasad satu keluarga korban pembunuhan yang dikubur di dalam septic tank dan areal kebun singkong di Desa Marga Jaya, Kecamatan Negara Batin, Kabupaten Way Kanan, Lampung, tinggal tengkorak dan tulang belulang.",0
"Tim Jaksa Penuntut Umum (JPU) memutarkan video rekaman detik-detik terjadinya kerusuhan di Paniai, Papua, di Lapangan Karel Gobay yang terjadi 8 Desember 2014 silam di hadapan majelis hakim Pengadilan Hak Asasi Manusia (HAM), Makassar, Sulawesi Selatan, kemarin.",0
Polda Maluku Utara memproses pidana dan etik empat anggota Polres Halmahera Utara yang diduga menganiaya mahasiswa Universitas Halmahera (Uniera) beberapa waktu lalu.,0
"Kapolri Jenderal Listyo Sigit Prabowo mengumumkan enam tersangka dalam Tragedi Kanjuruhan, Malang, Jawa Timur. Mulai dari petinggi PT Liga Indonesia Baru hingga anggota kepolisian.",0
Menteri Pendayagunaan Aparatur Negara dan Reformasi Birokrasi (Menpan RB) Abdullah Azwar Anas menyatakan pemerintah tak berniat memindah aparatur sipil negara (ASN) ke Ibu Kota Nusantara (IKN) secara paksa.,0
"Sebuah spanduk hitam terpasang di depan gerbang SMK Negeri 2 Malang, Jawa Timur. Pesan dalam spanduk itu tertulis ""Usut Tuntas Tragedi Kanjuruhan"".",0
"Empat orang meninggal dunia dalam kecelakaan tunggal di Jalan Timor Raya KM 18, Desa Noelbaki, Kabupaten Kupang, Nusa Tenggara Timur, Kamis (6/10) sekitar pukul 03.00 Wita.",0
"Sebanyak 18.610 warga di Kabupaten Aceh Utara, Aceh, terpaksa mengungsi akibat banjir yang menggenangi rumah mereka. Mereka mengungsi di 29 titik lokasi pengungsian.",0
Polda Maluku Utara (Malut) mengusut kasus dugaan penganiayaan mahasiswa bernama Yulius Atu alias Ongen yang diduga dilakukan 4 anggota Polres Halmahera Utara.,0
"Pangdam V Brawijaya Mayjend TNI Nurchahyanto mendatangi rumah salah satu suporter Arema FC atau Aremania yang ditendang prajuritnya di Stadion Kanjuruhan, Malang, Jawa Timur.",0
"Muhammad Irsyad Aljuned (17) menjadi satu di antara 131 korban meninggal Tragedi Kanjuruhan, Malang, Jawa Timur.",0
Dewan Pengurus Wilayah (DPW) PKS Daerah Istimewa Yogyakarta (DIY) secara resmi mengusulkan nama Anies Baswedan sebagai calon presiden pada Pilpres 2024.,0
"Sidang kasus pelanggaran Hak Asasi Manusia (HAM) Paniai, Papua yang digelar di Pengadilan Negeri (PN) Makassar dilakukan selama dua kali dalam sepekan di Makassar, Sulawesi Selatan.",0
"Jumlah korban tewas terkait Tragedi Kanjuruhan, Malang, Jawa Timur, yang terjadi pada Sabtu (1/10) malam lalu masih menjadi polemik hingga tiga hari kemudian, Selasa (4/10).",0
Dewi Manise alias Reva (28) juru masak pekerja jalan Bintuni-Maybrat yang dilaporkan hilang setelah diserang Kelompok Kriminal Bersenjata (KKB) akhirnya berhasil ditemukan dalam kondisi selamat.,0
"Kapal Motor (KM) Sinar Harapan karam di sekitar perairan Pulau Ilir, Kecamatan Muara Batang Gadis, Kabupaten Mandailing Natal, Tapanuli Utara (Taput), Sumatera Utara (Sumut).",0
"Rektorat Universitas Islam Negeri (UIN) Raden Fatah Palembang, Sumatera Selatan membentuk tim investigasi untuk menyelidiki dugaan penganiayaan terhadap seorang mahasiswa.",0
"Belasan kucing di Kota Tasikmalaya, Jawa Barat, ditemukan dalam kondisi mati dan sebagian lainnya dimutilasi oleh orang tak dikenal. Pihak kepolisian turun tangan atas temuan kasus ini dan mencari pelaku sadis itu.",0
"Seorang anggota DPRD Bantul, DI Yogyakarta, Enggar Suryo Jatmiko (ESJ) ditangkap polisi karena diduga terlibat kasus penipuan dan penggelapan penerimaan calon aparatur sipil negara (ASN) entah itu CPNS maupun PPPK.",0
"Kerusakan bangunan akibat gempa bumi magnitudo 6,0 di Tapanuli Utara (Taput), Sumatera Utara (Sumut) yang terjadi pada Sabtu (1/10) dini hari terus bertambah. Tercatat 1.278 unit rumah penduduk di sembilan kecamatan mengalami kerusakan.",0
"Pos Lantas yang berada di pertigaan Jalan Sultan Alauddin-Jalan AP Pettarani dilempari bom molotov oleh sekelompok orang tak dikenal (OTK) pada Minggu (2/10) malam. Kejadian itu diduga sebagai respons atas tragedi Kanjuruhan, Malang.",0
"Kadiv Humas Polri Irjen Dedi Prasetyo menyebut kepolisian tengah mendalami setidaknya 32 kamera pengawas atau CCTV guna mengusut Tragedi Kanjuruhan yang terjadi Malang, Jawa Timur, akhir pekan lalu.",0
Kadiv Humas Polri Irjen Dedi Prasetyo menyebut kepolisian akan memeriksa sejumlah pihak untuk menginvestigasi Tragedi Kanjuruhan yang terjadi usai pertandingan Arema FC melawan Persebaya.,0
"Mabes Polri menerjunkan tim ke Malang, Jawa Timur, untuk memeriksa anggotanya terkait penggunaan gas air mata yang berujung seratusan lebih nyawa menghilang dalam Tragedi Kanjuruhan.",0
"Kebakaran Tangki penyimpanan solar sebanyak 300 KL di dalam area PT Pelindo II di Cilegon, Banten, terjadi pada Sabtu (1/10) malam. Kebakaran tangki Pelindo Cilegon itu bisa ditangani beberapa jam kemudian pada Minggu (2/10) dini hari WIB.",0
Nahdlatul Ulama Jawa Timur mendesak pencopotan kapolda Jatim dan kapolres Kabupaten Malang dari jabatannya sebagai bentuk pertanggungjawaban atas tragedi Kanjuruhan.,0
Polisi mengatakan kecelakaan tunggal yang menewaskan Sekretaris Daerah Nusa Tenggara Timur (NTT) Domun Warandoy diakibatkan mobil melaju dalam kecepatan tinggi. Domun pun kehilangan kendali sehingga menyebabkan mobil terbalik.,0
"Wali Kota Surabaya Eri Cahyadi mengaku turut prihatin atas tragedi Stadion Kanjuruhan, Malang. Eri juga menyampaikan belasungkawa kepada para korban.",0
"Korban luka akibat gempa bermagnitudo 6,0 yang mengguncang Tapanuli, Sumatera Utara, terus bertambah hingga mencapai 25 orang pada Sabtu (1/10) malam. Sementara itu, 130 rumah juga rusak.",0
"Lembaga Perlindungan Saksi dan Korban (LPSK) menerima surat permohonan perlindungan dari tiga orang saksi kasus pembunuhan ASN Pemkot Semarang Iwan Budi Prasetyo, yang jasadnya ditemukan hangus terbakar di kawasan Pantai Marina Semarang pada 8 September 2022 lalu.",0
Menteri Koperasi dan UKM (Menkop UKM) Teten Masduki mengatakan Bantuan Tunai Langsung (BLT) UMKM di Bali masih belum cair karena keterbatasan anggaran.,0
Menteri Koperasi dan UKM (Menko UKM) Teten Masduki akan mengurangi jumlah usaha mikro di Indonesia.,0
Walikota Solo Gibran Rakabuming Raka meminta pengusaha UMKM memanfaatkan fasilitas pemerintah sebagai antisipasi ancaman resesi di Indonesia.,0
Pengrajin tahu tempe di Lampung mengeluhkan kenaikan harga kedelai yang membuat produksi terbatas dan terancam gulung tikar. Keluhan itu disampaikan para pengrajin kepada Menteri Perdagangan Zulkifli Hasan saat berkunjung ke provinsi tersebut.,0
"Eks Bendahara di Kantor Badan Penanggulangan dan Bencana Daerah (BPBD) Kabupaten Flores Timur, Nusa Tenggara Timur (NTT), PLT, telah ditetapkan buron alias masuk Daftar Pencarian Orang (DPO) sebagai tersangka kasus korupsi dana Covid-19.",0
Tentara Pembebasan Nasional Papua Barat-Organisasi Papua Merdeka (TPNPB-OPM) Kodap IV wilayah Sorong Raya mengklaim telah membunuh empat orang pekerja Jalan Trans Papua Barat.,0
"Satu bangunan sekolah dan sembilan bangunan rumah warga di Kabupaten Jeneponto, Sulawesi Selatan, mengalami kerusakan setelah diterjang angin puting beliung. Bangunan itu tersebar di tiga dusun.",0
"Kejaksaan Negeri Flores Timur, Nusa Tenggara Timur, menetapkan Bendahara Badan Penanggulangan Bencana Daerah (BPBD) Flores Timur, Petronela Leten alias PLT, dalam daftar pencarian orang (DPO).",0
Kepolisian Daerah Sulawesi Tengah (Polda Sulteng) telah memastikan anggota kelompok Mujahidin Indonesia Timur (MIT) yang tewas dalam baku tembak pada Kamis (29/9) adalah Askar.,0
Lembaga Perlindungan Saksi dan Korban (LPSK) akan tetap mendampingi Bharada Richard Eliezer atau Bharada E hingga persidangan kasus pembunuhan Brigadir Nofriansyah Yosua Hutabarat atau Brigadir J digelar di pengadilan.,0
"Ketua panitia Musyarawah Rakyat (Musra) Nasional, Panel Barus mengatakan Presiden RI Joko Widodo (Jokowi) akan datang kembali ke gelaran acara tersebut yang mendatang akan digelar di Makassar, Sulawesi Selatan.",0
"Aktivis lingkungan asal Aceh, Farwiza Farhan ingin agar Kawasan Ekosistem Leuser (KEL) bisa terkenal seperti Hutan Amazon di Benua Amerika, Kongo Basin di Kongo, dan Daintree Forest di Australia.",0
Pemasangan pemilik travel atau perusahaan penyelenggara perjalanan tur yang dicari konsumen menggunakan papan reklame atau billboard di Sulawesi Selatan berujung pelaporan balik ke polisi.,0
"Seorang Warga Negara Asing (WNA) asal Jerman, Grace Sarah (21) ditemukan tewas di sekitar Pantai Seminyak, Kuta, Kabupaten Badung, Bali.",0
"Seorang pria berinisial MP (42) yang merupakan warga negara asing (WNA) asal Selandia Baru ditangkap petugas Badan Narkotika Nasional (BNN) Provinsi Bali, setelah memiliki barang narkotika jenis kokain, MDMA, dan metamfetamina.",0
"Pekerja Jalan Trans Papua Barat, ruas jalan Kabupaten Bintuni-Kabupaten Maybrat diberondong tembakan oleh orang tak dikenal, Kamis (29/9) malam. Satu orang mengalami luka tembak di lengan bagian kanan.",0
"Pesinetron Kriss Hatta (34) mengaku akan menikahi kekasihnya yang berusia 14 tahun dan menganut agama berbeda dengan dirinya di Surabaya, Jawa Timur.",0
Aktivis lingkungan sekaligus konservasionis hutan Farwiza Farhan masuk dalam daftar 'TIME100 Next 2022'. Bahkan ia baru mengetahui terpilih sebagai sosok inspiratif dari koleganya yang mengirim pesan ucapan selamat.,0
"Partai Gerindra memecat kadernya yang juga anggota DPRD Medan, Siti Suciati imbas peredaran foto dan video vulgar yang mirip dengannya. Siti merupakan anggota DPRD Kota Medan periode 2019- 2024.",0
Polres Bogor menjatuhkan sanksi berupa demosi atau hukuman mutasi terhadap anggota Polsek Cijeruk yang diduga melakukan pemerasan pengendara mobil di Tol Bocimi.,0
"Empat tengkorak manusia ditemukan di aliran Sungai Aek Situmandi, Desa Siraja Hutagalung, Kecamatan Siatas Barita, Tapanuli Utara, Sumatera Utara.",0
"PT Railink menambah rute KAI bandara di Stasiun KA Bandar Khalipah, Sumatera Utara, mulai Rabu (28/9).",0
Walhi Sumatera Utara meminta Presiden Jokowi memberi perhatian pada kegiatan PT Sorik Marapi Geothermal Power (SMGP) di Kecamatan Sorik Marapi Kabupaten Mandailing Natal (Madina). ,0
"Keluarga dari pemuda yang ditembak mati polisi di Belu, Nusa Tenggara Timur, menyatakan tidak akan menempuh jalan damai dengan pelaku.",0
"Gubernur Papua Lukas Enembe menelepon Direktur Penyidikan KPK Kombes Asep Guntur saat didatangi jajaran Komisi Nasional Hak Asasi Manusia (Komnas HAM) di rumahnya, Jayapura, Rabu (28/9).",0
"Ketua Komnas HAM Ahmad Taufan Damanik terlihat mendatangi rumah Gubernur Papua Lukas Enembe di Jayapura, Rabu (28/9).",0
"Setidaknya 79 orang menjadi korban keracunan gas diduga akibat kegiatan uji alir sumur T-11 Wellpad Tenggo proyek PT Sorik Merapi Geothermal Power (SMGP) di Kecamatan Puncak Sorik Marapi, Kabupaten Mandailing Natal (Madina), Sumatera Utara.",0
"Gubernur Bali, Wayan Koster mengatakan Tempat Pembuangan Akhir (TPA) Suwung di Kota Denpasar akan ditutup sebelum perhelatan puncak KTT G20 di pulau Dewata tersebut.",0
"Korban keracunan gas akibat kegiatan uji alir sumur T-11 Wellpad Tenggo proyek PT Sorik Merapi Geothermal Power (SMGP) di Kecamatan Puncak Sorik Marapi, Kabupaten Mandailing Natal (Madina) Sumatera Utara menjadi 79 orang.",0
"Saksi korban selamat dari peristiwa beruntun Penembakan Misterius atau Petrus yang terjadi pada era Orde Baru (Orba), Bathi Mulyono, berharap Tim Penyelesaian nonyudisial pelanggaran Hak Asasi Manusia (PPHAM) berani membuka dalang atau otak atau aktor intelektual sejumlah kasus pelanggaran HAM berat.",0
"Kisah haru terjadi di sel Rutan Perempuan Kelas II A Surabaya, Jawa Timur. Seorang narapidana (napi) perempuan berinisial AV yang baru saja melahirkan, kini harus membawa bayinya ke sel tahanan.",0
"Anak perempuan 12 tahun di Medan, Sumatera Utara, yang diperkosa hingga terpapar HIV diduga mendapatkan intimidasi dari pihak-pihak tertentu.",0
"Jenazah pemuda berinisial GYL alias Eton (18), yang tewas ditembak polisi di Belu, NTT, dibawa ke RSUD Atambua. Jenazah korban penembakan itu bakal diautopsi oleh tim forensik.",0
"Kapolres Belu AKBP Yoseph Krisbianto mengatakan telah menangkap Brigpol RRS yang menembak seorang pemuda berinisial GYL alias Eton (18) hingga tewas di Desa Leuntolu, Kecamatan Raimanuk, Kabupaten Belu, NTT.",0
"Sebanyak 61 warga Desa Sibanggor Julu, Kabupaten Mandailing Natal (Madina), Sumatera Utara (Sumut), pingsan diduga menghirup gas beracun dari proyek Pembangkit Listrik Tenaga Panas Bumi (PLTPB) milik PT Sorik Merapi Geothermal Power (SMGP).",0
"Dua warga negara asing (WNA) asal China berinisial NX (54) dan NC (52) dianiaya usai cekcok dengan dua warga HA (39) dan AN (35) di area tambang di Kutai Kartanegara(Kukar), Kalimantan Timur (Kaltim).",0
"Tim Resmob Polrestabes Semarang dan Polsek Pedurungan berhasil mengamankan sejumlah pelaku pengeroyokan terhadap Kukuh Panggayuh Utomo (32), warga Mijen Semarang hingga tewas.",0
"Ratusan massa mengarak jenazah GYL (18) alias Eton yang meninggal dunia akibat ditembak anggota polisi. Massa mengarak jenazah GYL ke Markas Polres Belu, Atambua, Nusa Tenggara Timur (NTT), Selasa (27/9).",0
"Riri Aprilia, 27, seorang perempuan yang menjadi korban penyekapan dan penganiayaan seorang polwan di Pekanbaru, Riau, dilaporkan balik ke kepolisian terkait pelanggaran Undang-Undang Informasi Transaksi Elektronik (UU ITE).",0
"Ribuan warga di Kota Baubau, Sulawesi Tenggara berdesak-desakan ketika mendengar Presiden RI Joko Widodo (Jokowi) melakukan kunjungan kerja ke Pasar Wameo, Kecamatan Batupoaro, Selasa (27/9).",0
"Ratusan massa gabungan yang berasal dari buruh dan mahasiswa yang berunjuk rasa memperingati hari tani nasional di Makassar, Sulawesi Selatan, Selasa (27/9).",0
Berbagai kelompok relawan Presiden dua periode RI Joko Widodo (Jokowi) di Sulawesi Selatan bakal menggelar Musyawarah Rakyat (Musra) di Makassar pada 2 Oktober 2022 mendatang.,0
Gubernur Jawa Tengah Ganjar Pranowo menantang mahasiswa untuk ikut melakukan pendampingan proses penyaluran Bantuan Langsung Tunai (BLT) imbas BBM naik kepada masyarakat penerima.,0
"Wakil Menteri Hukum dan HAM (Wamenkumham) Edward Omar Sharif Hiariej mengkritisi kasus obstruction of justice eks Kadiv Propam Ferdy Sambo terkait pembunuhan ajudannya, Brigadir Nofriansyah Yosua Hutabarat atau Brigadir J.",0
"Puncak Hari Tani Nasional di Makassar, Sulawesi Selatan, akan digelar dengan aksi unjuk rasa di depan kantor DPRD Sulsel, Selasa (27/9).",0
Sekretaris DPW PKB Jawa Timur Anik Maslachah mengatakan Ketua DPRD Lumajang Anang Akhmad Syaifuddin yang keliru mengucapkan Pancasila sedang sakit flu dan meriang.,0
DPW PKB Jawa Timur (Jatim) menolak pengunduran diri Ketua DPRD Lumajang Anang Akhmad Syaifuddin setelah tak hafal saat mengucapkan Pancasila.,0
"Sekretaris Daerah Kabupaten Flores Timur, Nusa Tenggara Timur (NTT), Paulus Igo Geroda (PIG) telah dinonaktifkan dari jabatannya setelah ditetapkan sebagai tersangka dalam kasus dugaan korupsi dana penanganan Covid-19 tahun 2020.",0
"Menteri Koordinator Bidang Politik, Hukum, dan Keamanan (Menko Polhukam) Mahfud MD menyebut dana otonomi khusus (otsus) yang diberikan negara kepada Papua tidak dikelola dengan baik sejak lama.",0
"Tim penyidik Polresta Surakarta dan Polda Jawa Tengah masih mendalami keberadaan barang bukti paket isi bubuk petasan yang disimpan oleh Bripka D, yang menjadi korban ledakan di Asrama Polisi Grogol Baru, Kabupaten Sukoharjo, Jawa Tengah, pada Minggu (25/9) malam.",0
"Wakil Ketua Umum Partai NasDem, Ahmad Ali membeberkan kriteria calon presiden dan wakil presiden yang akan diusung berasal dari kalangan non-partai.",0
"Polda Jawa Tengah memastikan tidak ada unsur teror dalam ledakan yang terjadi di Asrama Polisi Grogol Indah, Sukoharjo, Jawa Tengah pada Minggu (25/9) malam.",0
"Ledakan di Sukoharjo, Jawa Tengah, terjadi di halaman Asrama Polisi Grogol Indah, Solo Baru, pada Minggu (25/9), sekitar pukul 18.20 WIB. Ledakan tersebut berasal dari sebuah paket.",0
"Sebuah ledakan terjadi di halaman kosong di Asrama Polisi Grogol Indah, Solo Baru, Sukoharjo, Jawa Tengah sekitar pukul 18.20 WIB, Minggj (25/9).",0
"Warga Kabupaten Sukoharjo, Jawa Tengah, digegerkan dengan ledakan yang terjadi di Kompleks Asrama Polisi Grogol, sekitar pukul 18.20 WIB, Minggu (25/9) malam.",0
"Polisi mendalami paket yang meledak di Asrama Polisi Grogol Indah, Solo Baru, Kabupaten Sukoharjo, Jawa Tengah, pada Minggu (25/9) malam",0
"Kapolda Jawa Tengah Irjen Ahmad Luthfi menyatakan dari hasil penyelidikan sementara tak ada unsur teror dalam ledakan yang terjadi di Asrama Polisi Grogol Indah, Solo Baru, Kabupaten Sukoharjo, Jawa Tengah, Minggu (25/9) malam.",0
"Ledakan yang terjadi di kawasan asrama polisi di Grogol, Sukoharjo, Jawa Tengah menimbulkan korban, Minggu (25/9) malam.",0
"Petugas dari kepolisian menyelidiki ledakan di Asrama Polisi Grogol Indah, Solo Baru, Kabupaten Sukoharjo, Jawa Tengah, yang terjadi pada Minggu malam sekitar pukul 18.00 WIB.",0
"Ledakan yang terjadi di kawasan asrama polisi di Grogol, Sukoharjo, Jawa Tengah menimbulkan korban, Minggu (25/9).",0
"Kabid Humas Polda Jawa Tengah Kombes Iqbal Al Qudussy mengatakan ledakan di asrama polisi, Telukan, Grogol, Sukoharjo diduga berasal dari paket yang dikirimkan dari pesanan online.",0
"Sebuah ledakan terjadi di area Asrama Polisi Grogol Kabupaten Sukoharjo, Jawa Tengah. Seorang anggota Polisi dikabarkan mengalami luka akibat ledakan tersebut.",0
"Isuzu Panther bekas milik Presiden Joko Widodo (Jokowi) diparkir di halaman Loji Gandrung yang merupakan rumah dinas Wali Kota Solo, Minggu (25/9).",0
Pengurus Wilayah Nahdlatul Ulama (PWNU) Jawa Timur membentuk 40 Posko Pesantren Ramah Anak yang tersebar di seluruh wilayah provinsi tersebut.,0
"Sebuah perahu motor yang dipakai tim vaksinator di Sumba Timur, NTT, terbalik di lautan, Sabtu (24/9)) pagi sekitar pukul 10.00 Wita.",0
"Hari Tani Nasional berbagai kelompok mahasiswa dan buruh berunjuk rasa dengan menggelar aksi mimbar bebas di bawa jembatan Flyover Jalan Urip Sumohardjo, Makassar, Sulawesi Selatan, Sabtu (24/9).",0
Warga Sulawesi Selatan korban penipuan dan penggelapan modus perjalanan wisata punya cara unik untuk menagih kerugian ke perusahaan; memasang iklan di papan reklame alias billboard.,0
"Sebanyak 50 orang dari tiga kelompok tani menyegel sejumlah alat berat di lokasi tambang ilegal memakai tali plastik, Sabtu (24/9), di kawasan Jalan Kalan Luas, Kelurahan Makroman, Samarinda, Kalimantan Timur.",0
"Guru Besar Fakultas Kedokteran, Kesehatan Masyarakat, dan Keperawatan (FKKMK) Universitas Gadjah Mada, Prof Samekto Wibowo (78) dilaporkan meninggal dunia usai sempat tenggelam di perairan Pantai Pulang Sawal, Tepus, Gunungkidul, DI Yogyakarta.",0
"Pasangan remaja tersambar petir saat berwisata di Bukit Waruwangi, Kabupaten Serang, Banten, pada Jumat kemarin (23/9).",0
"Di tengah rencana pemerintah melakukan konversi penggunaan kompor gas ke kompor listrik, masih ada dua kabupaten di Nusa Tenggara Timur (NTT) yang masih memiliki banyak rumah tangga tanpa listrik. Ada apa?",0
"Tanah longsor terjadi di Kampung Cibitung, Desa Sukamukti, Kecamatan Cisompet, Kabupaten Garut. Akibatnya, seorang warga dilaporkan meninggal dunia akibat kejadian itu.",0
Video Warga Negara Asing (WNA) asal Jerman bernama Class Riese (56) yang membawa kabur mobil milik warga sambil mengemudikannya secara ugal-ugalan viral di media sosial.,0
Ketua Dewan Pimpinan Cabang (DPC) PDIP Kota Solo FX Hadi Rudyatmo menegaskan Dewan Kolonel maupun Dewan Kopral tidak dikenal dalam struktur Partai Banteng.,0
Seorang siswi SMP Negeri 1 Makassar diduga dikeroyok oleh empat siswi lainnya. Korban berinisial LA (14) harus dilarikan ke rumah karena mengalami sesak napas dan luka-luka di beberapa bagian tubuh.,0
"Sejumlah makam keluarga Raja Gowa ke 16 Sultan Hasanuddin di Kompleks Pemakaman Kassibumbung yang berada di Desa Punaga, Kecamatan Mangarabombang, Kabupaten Takalar, Sulawesi Selatan, terancam hilang tergerus abrasi pantai.",0
PT PLN (Persero) mulai lakukan uji coba penggunaan kompor listrik di tiga kota salah satunya di Solo. Uji coba ini menyasar 1.000 warga tidak mampu berdaya listrik 450-900 VA dan UMKM.,0
"PT PLN (Persero) sedang melakukan uji coba kompor listrik induksi di Solo yang menyasar 1.000 orang warga tidak mampu dan UMKM dengan daya listrik 450-900 VA. Sejak uji coba dilakukan, seorang warga mengaku tagihan listriknya justru turun dibandingkan sebelumnya.",0
Anggota Divisi Fatwa dan Pengembangan Tuntutan Majelis Tarjih dan Tajdid Pengurus Pusat (PP) Muhammadiyah Wawan Gunawan Abdul Wahid menyatakan permainan capit boneka atau claw machine haram.,0
"Jenazah Paulus Iwan Budi Prasetyo, ASN di Pemerintah Kota Semarang, Jawa Tengah, yang tewas dimutilasi dan dibakar, dimakamkan oleh keluarganya di TPU Salaman Mloyo.",0
"Anggota TNI berinisial AB di Polewali Mandar (Polman), Sulawesi Barat, diduga menganiaya seorang warga sipil karena persoalan asmara. Saat ini, korban tengah menjalani perawatan di rumah sakit.",0
"Sekretaris Daerah Kabupaten Flores Timur, Nusa Tenggara Timur (NTT), Paulus Igo Geroda (PIG), ditahan penyidik Kejaksaan Negeri Larantuka, Kamis (22/9).",0
"Sudah lebih dari sepekan pemerintah gembar-gembor soal rencana konversi gas LPG 3 kg ke kompor listrik. Padahal, di tengah wacana itu, masih ada 100 ribu kepala keluarga (KK) yang tersebar di 280 desa di NTT belum mendapatkan aliran listrik PLN.",0
"Seorang nenek, Dede Rohayah (62 tahun) warga Jalan Leuwisari, Kecamatan Bojongloa Kidul, Kota Bandung, Jawa Barat, ditemukan tewas dalam kondisi mengenaskan di lantai dua rumahnya, Rabu (21/9).",0
Komisi Pemberantasan Korupsi (KPK) dilaporkan telah melakukan operasi tangkap tangan terhadap hakim di lingkungan Mahkamah Agung (MA).,0
"Polda Bali menangkap dua sejoli yang bertindak mesum di dalam mobil dengan mengenakan pakaian adat. Kedua pelaku, MM (28) dan BNL (26), kemudian meminta maaf karena tindakannya dianggap menodai pakaian adat Bali.",0
"Aliansi Makassar dan buruh se-Makassar berunjukrasa menolak kenaikan harga bahan bakar minyak (BBM) dengan memblokade jalan simpang lima Bandara Internasional Sultan Hasanuddin, Makassar, Sulawesi Selatan.",0
"Unggahan yang menyebutkan siswi SMA negeri di Kabupaten Bogor, Jawa Barat, diminta membuktikan sedang haid dengan membuka celana dalam viral di media sosial.",0
Pengurus Wilayah Nahdlatul Ulama (PWNU) Daerah Istimewa Yogyakarta (DIY) melihat secara sepintas permainan capit atau claw machine mengandung unsur maysir alias perjudian.,0
Polisi masih mengusut kasus dugaan kekerasan seksual terhadap anak berusia 12 tahun hingga terjangkiti HIV. Kasus ini diduga melibatkan keluarga dekatnya.,0
Gubernur Jawa Barat Ridwan Kamil mengutuk perilaku sejumlah remaja berseragam SMA yang merisak (bully) seorang siswa penyandang disabilitas.,0
"Sekretaris DPD Partai Gerindra Aceh, Safaruddin mengatakan pihaknya sudah berkoordinasi dengan Polda Aceh untuk menindak pelaku pemasangan baliho yang dinilai bisa menjegal Prabowo Subianto menang di Pemilihan Presiden (Pilpres) 2024.",0
"Gempa bumi berkekuatan magnitudo 5,1 mengguncang Kabupaten Kepulauan Tanimbar, Provinsi Maluku, Rabu (21/9) malam pukul 20.57 WIT.",0
"Menteri Koordinator Politik, Hukum dan Keamanan (Menko Polhukam) Mahfud MD mengatakan Rancangan Undang-Undang (RUU) Kitab Undang-undang Hukum Pidana (KUHP) rencananya akan segera disahkan menjadi undang-undang pada akhir tahun ini",0
"Bupati Purwakarta, Jawa Barat, Anne Ratna Mustika menggugat cerai suaminya, anggota DPR dari Fraksi Golkar, Dedi Mulyadi.",0
"Demonstrasi kenaikan harga BBM yang dilakukan ratusan mahasiswa Universitas Pembangunan Nasional Veteran Jawa Timur di Kantor Gubernur Jawa Timur (Jatim), diwarnai bentrokan, Rabu (21/9).",0
"Ribuan buruh menggelar unjuk rasa menolak kenaikan harga bahan bakar minyak (BBM) di depan Gedung Sate, Kota Bandung, Rabu (21/9). ",0
PDIP menjajaki nama Wali Kota Semarang Hendrar Prihadi untuk diusung menjadi Calon Gubernur DKI Jakarta di Pilkada 2024 mendatang.,0
Kepolisian tetap melanjutkan penyelidikan kasus dugaan korupsi meski salah satu saksi yakni ASN Pemkot Semarang ditemukan tewas terbakar beberapa waktu lalu.,0
"SCM (57), pengemudi Honda Brio bernomor polisi AD 8867 DJ ditetapkan sebagai tersangka usai menabrak 10 pengendara sepeda motor di Jalan Mrisi Selatan, Madukismo, Kasihan, Bantul, DIY, Selasa (20/9) sore.",0
"Majelis hakim Pengadilan Hak Asasi Manusia (HAM) di PN Makassar, Sulawesi Selatan, tidak memerintahkan untuk menahan terdakwa, Mayor Inf (Purn) Isak Sattu pada kasus pelanggaran HAM berat Paniai, Papua.",0
"Kasus dugaan pemerkosaan yang dialami JS, bocah perempuan berusia 12 tahun hingga terpapar HIV/ Aids viral di media sosial. Gubernur Sumatera Utara Edy Rahmayadi pun telah memerintahkan operasi perangkat daerah (OPD) terkait untuk menangani kondisi JS.",0
"Jaksa Penuntut Umum mendakwa Mayor Inf. (Purn.) Isak Sattu dengan pasal berlapis dalam kasus dugaan pelanggaran hak asasi manusia (HAM) di Paniai, Papua, pada 2014. Terdakwa terancam hukuman maksimal 20 tahun penjara.",0
"PT Angkasa Pura Aviasi akan menjadikan Bandara Internasional Kualanamu (KNIA) di Kabupaten Deliserdang, Sumatera Utara (Sumut) sebagai pusat penerbangan atau hub internasional bagi kawasan Indonesia bagian barat.",0
"Puluhan rumah adat di Kampung Adat Wainyapu di Kecamatan Kodi Balaghar, Sumba Barat Daya, Nusa Tenggara Timur (NTT) terbakar pada Selasa (20/9) dinihari Wita.",0
"Sebuah mobil Honda Brio bernomor polisi AD 8867 DJ menabrak 10 pengendara sepeda motor di Jalan Mrisi Selatan, Madukismo, Kasihan, Bantul, DIY, Selasa (20/9) sore.",0
"Sidang perdana perkara pelanggaran Hak Asasi Manusia (HAM) di Paniai, Papua yang akan digelar Pengadilan Negeri (PN) Makassar, Suiawesi Selatan, Rabu (21/9).",0
Wali Kota Solo Gibran Rakabuming Raka turun tangan menanggapi keluhan warga terhadap Gelaran Sekaten di Alun-alun Utara dan Selatan Keraton Surakarta.,0
"Bank Indonesia akhirnya melakukan penukaran uang puluhan juta rupiah yang akan digunakan sebagai mahar pernikahan atau panai yang terbakar di Gowa, Sulawesi Selatan.",0
"Dua wartawan mengalami dugaan penculikan dan penganiayaan oleh oknum pejabat di lingkungan Pemerintah Kabupaten Karawang, Jawa Barat.",0
"Elemen buruh yang tergabung dalam Konfederasi Serikat Pekerja Seluruh Indonesia (KSPSI) akan demi menolak kenaikan harga bahan bakar minyak (BBM) di depan kantor Gedung Sate, Kota Bandung, Rabu (21/9).",0
Petugas Bidang Profesi dan Pengamanan (Propam) Polda Sulawesi Tenggara mengamankan dan memeriksa oknum polisi yang kedapatan tengah berselingkuh dengan istri orang yang sempat viral di media sosial.,0
"Pemerintah Kota Semarang, Jawa Tengah, berjanji akan membantu pendidikan anak-anak almarhum Iwan Budi Prasetyo.",0
"Ribuan buruh dari berbagai serikat pekerja berdatangan ke Kantor Gubernur Jawa Timur, Surabaya, Senin (19/9). Mereka memprotes kebijakan pemerintah yang menaikkan harga bahan bakar minyak (BBM) bersubdi.",0
"Wali Kota Solo, Gibran Rakabuming Raka menyebut Pemerintah Kota (Pemkot) Solo, Jawa Tengah, belum berencana untuk beralih menggunakan kendaraan listrik sebagai kendaraan dinas dalam waktu dekat. Pihaknya akan mengkaji kemampuan anggaran daerah untuk pengadaan kendaraan listrik tersebut.",0
"Gubernur Jawa Timur Khofifah Indar Parawansa membebaskan pajak kendaraan bermotor (PKB) untuk angkutan umum orang jenis mikrolet dan ojek online (ojol) usai harga BBM jenis pertalite, solar bersubsidi, dan pertamax naik.",0
"Pihak kepolisian mengamankan seorang pria yang diduga sebagai provokator pada aksi penolakan kenaikan harga bahan bakar minyak (BBM) yang berlangsung hingga malam hari di depan kampus UMI Jalan Urip Sumohardjo, Makassar, semalam.",0
Mantan pekerja Hotel Ibis Malioboro Yogyakarta yang menjadi korban pemutusan hubungan kerja (PHK) dapat kembali melamar ke hotel tersebut.,0
"Kapal Layar Motor di Pulau Masalembu, Kabupaten Sumenep, Jawa Timur, mengalami kebakaran, pada Jumat (16/9) yang menelan korban jiwa dan terluka.",0
"Rektorat Universitas Gadjah Mada (UGM) angkat bicara soal aksi pembakaran jas almamater oleh peserta demo tolak kenaikan harga BBM di Yogyakarta, Kamis (15/9).",0
"Sekretaris Daerah Kabupaten Flores Timur, PIG, akan dinonaktifkan dari jabatannya pasca ditetapkan tersangka oleh Penyidik Kejaksaan Negeri Flores Timur, Nusa Tenggara Timur (NTT).",0
Polrestabes Medan menyelidiki kasus dugaan pemerkosaan terhadap JS (12) hingga terinfeksi HIV. Pemerkosaan itu terjadi sejak bocah perempuan tersebut berusia 7 tahun yang dilakukan orang-orang terdekatnya.,0
"Kejaksaan Negeri Flores Timur, Nusa Tenggara Timur, menetapkan Sekretaris Daerah (Sekda) Kabupaten Flores Timur, PIG, sebagai tersangka dalam kasus dugaan korupsi dana penanganan Covid-19 tahun anggaran 2020.",0
"Anggota Sabhara Polrestabes Medan, Brigadir M Wisnu Wardana (38) menjalani sidang perdana di Pengadilan Negeri Medan, Sumatera Utara. Ia didakwa menyuplai narkotika jenis sabu kepada hakim Pengadilan Negeri Rangkasbitung, Banten, Yudi Rozadinata.",0
"Seorang calon pendeta, SAS, yang menjadi tersangka pencabulan belasan anak di Kecamatan Alor Timur Laut, Nusa Tenggara Timur (NTT) juga dijerat ancaman pasal UU Informasi dan Transaksi Elektronik (ITE) oleh polisi.",0
Polrestabes Semarang mengonfirmasi bahwa jenazah yang terbakar di Pantai Marina adalah ASN bernama Iwan Budi Prasetyo berdasarkan hasil tes DNA di laboratorium forensik.,0
"Dinas Sosial (Dinsos) Provinsi Jawa Barat baru menyalurkan bantuan langsung tunai bahan bakar minyak (BLT BBM) kepada 1,78 juta keluarga penerima manfaat (KPM) atau setara 45,51 persen dari target per 14 September 2022. ",0
Komisi Independen Pemilihan (KIP) Aceh menyatakan empat partai lokal Aceh belum memenuhi syarat secara administrasi sebagai calon peserta Pemilu 2024. Mereka diminta melengkapi dokumen persyaratan selama proses verifikasi administrasi.,0
Jumlah korban dugaan pencabulan tersangka berinisial SAS kini bertambah dari 12 orang menjadi 14 orang. Sebagian besar korban di antaranya merupakan anak di bawah umur.,0
"Bangunan Indomaret di Desa Cisondari, Kecamatan Pasirjambu, Kabupaten Bandung, ambruk pada Kamis (15/9) sore. Saat kejadian, ada lima orang di dalam bangunan dan semuanya berhasil keluar.",0
"Rombongan mobil Menteri Pertanian (Mentan) Syahrul Yasin Limpo mengalami kecelakaan beruntun di Tol Jombang, Jawa Timur (Jatim), Kamis (15/9).",0
"Orang tua FS (17), remaja yang dituduh sebagai hacker Bjorka geram dengan informasi yang menyesatkan oleh akun Instagram @volt_anonym.",0
"Tim Inspektorat Khusus (Itsus) Mabes Polri mendatangi Mapolda Sulawesi Selatan diduga untuk memeriksa kasus pencopotan Kanit Reskrim Polsek Tallo, Iptu Faizal.",0
Wali Kota Solo Gibran Rakabuming Raka ingin mengubah budaya mengonsumsi daging anjing di wilayahnya.,0
"Kepolisian masih mencari potongan kepala dari jenazah pegawai negeri sipil (PNS) Pemkot Semarang yang masih hilang. Sejauh ini, polisi baru menemukan tulang belulang dari tubuh yang hangus terbakar.",0
"Wali Kota Solo Gibran Rakabuming Raka ingin mengubah budaya mengonsumsi daging anjing di wilayahnya. Menurut dia, kebiasaan itu berpotensi menghambat upaya Solo menjadi kota bertaraf internasional.",0
"Perusahaan jasa ekspedisi di Makassar, Sulawesi Selatan, akan menaikkan tarif pengiriman logistik seiring dengan kenaikan harga bahan bakar minyak (BBM).",0
"Polda Jawa Timur bersama jajarannya membentuk satuan tugas (satgas) khusus, untuk mengatasi kasus kekerasan di lingkungan pondok pesantren.",0
Wakil Rektor Universitas Negeri Islam (UIN) Alauddin Makassar Wahyudin Naro dilaporkan ke Polrestabes Makassar karena diduga memukul salah satu orang tua murid sekolah dasar (SD) di dekat rumahnya.,0
"Anak perempuan berusia 12 tahun berinisial J diduga menjadi korban pemerkosaan yang dilakukan orang-orang terdekatnya selama bertahun-tahun. Kini, dia menjalani perawatan intensif di RSUP H Adam Malik Medan lantaran terinfeksi HIV.",0
"Jaksa Komisi Pemberantasan Korupsi (KPK) meminta majelis hakim Pengadilan Tipikor Bandung menghukum terdakwa Rahmat Effendi alias Pepen yang merupakan Wali Kota Bekasi nonaktif dengan tuntutan hukuman 9,5 tahun penjara dan denda Rp1 miliar.",0
"Remaja asal Kabupaten Cirebon, Muhammad Said Fikriansyah, dituding sebagai sosok Bjorka, hacker yang jadi sorotan belakangan ini. Remaja itu pun membantah ihwal kemampuannya meretas.",0
Menteri Sosial Tri Rismaharini meminta warga penerima bantuan langsung tunai (BLT) BBM tak menggunakan uang bantuan untuk membeli rokok. Ia mengatakan uang BLT itu harus digunakan untuk memenuhi kebutuhan pokok sehari-hari.,0
"Akun media sosial Gejayan Memanggil kembali mengajak masyarakat di Yogyakarta, DIY, untuk menyuarakan protes kenaikan harga Bahan Bakar Minyak (BBM).",0
"Penjaga SD Negeri Lojiwetan, Samin (53) yang terancam gagal berangkat haji lantaran uang tabungan selama dua tahun ludes dimakan rayap mendapat perhatian dari Wali Kota Solo, Gibran Rakabuming Raka.",0
"Polisi menangkap 99 orang pelajar yang mengikuti demo menolak kenaikan harga bahan bakar minyak (BBM) di Kota Medan, Sumatera Utara. Setelah didata, mereka pun dipulangkan ke orang tuanya masing-masing.",0
"Uang panai sekitar Rp40 juta yang ikut terbakar saat peristiwa kebakaran yang menghanguskan rumah yang akan menggelar acara pernikahan di Kabupaten Gowa, Sulawesi Selatan, bisa dapat ditukarkan ke Bank Indonesia.",0
"Ribuan mahasiswa dan elemen masyarakat sipil di Surabaya, Jawa Timur, bakal menggelar demo menolak kebijakan pemerintah pusat menaikkan harga BBM bersubsidi.",0
"Seorang pria di Bengkulu Utara, Bengkulu, berinisial DR, ditangkap polisi karena menyembelih dan memakan kucing yang sedang hamil. Aksi itu dia rekam dan unggah ke media sosial.",0
Massa demonstrasi yang tergabung dalam Aliansi Masyarakat Kaltim Membara (AMKM) berhasil masuk menduduki halaman Gedung DPRD Kaltim.,0
"Ikatan Dokter Indonesia (IDI) Jawa Timur turut menginvestigasi surat kematian santri Pondok Pesantren Modern Darussalam Gontor, AM (17), yang diduga palsu. Dalam surat itu disebutkan bahwa AM meninggal dunia karena sakit.",0
Ratusan karyawan Hotel Ibis Yogyakarta dan Mal Malioboro terkena pemutusan hubungan kerja (PHK) usai Pemerintah Daerah Istimewa Yogyakarta (Pemda DIY) mengambilalih pengelolaan dua gedung tersebut.,0
Demonstrasi mahasiswa yang menolak kenaikan harga BBM di depan gerbang gedung DPRD Kalimantan Timur memanas pada Selasa (13/9) sore. Kericuhan pun sempat terjadi di lokasi.,0
DPW PPP DI Yogyakarta mengaku prihatin dengan kondisi dualisme kepemimpinan parpol itu di tingkat pusat yang kembali terjadi.,0
"Polda Papua menyatakan Kelompok Kriminal Bersenjata (KKB) kembali melakukan aksi teror kepada para pekerja proyek jalan di Kampung Mangabib, Distik Oksebang, Kabupaten Pegunungan Bintang dengan membakar alat berat, Senin (12/9) sekitar pukul 20.00 WIT.",0
Aksi unjuk rasa menolak kenaikan harga bahan bakar minyak (BBM) subsidi terus berlangsung di Sumatera Utara (Sumut).,0
"Polisi menetapkan dua warga Tasikmalaya, Jawa Barat, AYN dan I, sebagai tersangka kasus kejahatan penyiksaan terhadap monyet. Kedua pelaku menyiksa monyet hingga tewas dan memutilasinya.",0
Ribuan mahasiswa yang terdiri dari beragam kampus menggelar demonstrasi di depan gerbang DPRD Kaltim pada Selasa (13/9) sore.,0
Komandan Kodim 0733 Kota Semarang Letkol Inf Honi Havana ikut bersuara menanggapi pernyataan anggota Komisi I DPR RI Effendi Simbolon yang mengibaratkan institusi TNI seperti gerombolan.,0
Gubernur Jawa Barat Ridwan Kamil merespons aksi peretasan hacker dengan nama alias Bjorka yang menyita perhatian publik belakangan ini hingga dirapatkan khusus oleh Presiden RI Joko Widodo (Jokowi) bersama para menterinya.,0
"Pangdam XIV Hasanuddin, Mayjen TNI Totok Imam Santoso menegaskan seluruh personel TNI di wilayah tugasnya tetap solid tidak terpengaruh dengan pernyataan anggota Komisi I DPR RI Effendi Simbolon saat rapat dengan Panglima TNI Jenderal Andika Perkasa.",0
"Polisi telah menetapkan dua orang tersangka dalam kasus penganiayaan maut, AM (17), seorang santri di Pondok Pesantren Modern Darussalam Gontor, Ponorogo, Jawa Timur (Jatim).",0
Mantan Gubernur Sumatera Selatan Alex Noerdin bakal mengajukan kasasi ke Mahkamah Agung agar bisa bebas dari hukuman penjara terkait kasus korupsi.,0
Gubernur Jawa Barat Ridwan Kamil mendapati harga ikan naik gara-gara kenaikan harga BBM beberapa waktu lalu.,0
"Sewindu lalu, 18 Juni 2014, Pemkot Surabaya, Jawa Timur, menutup lokalisasi Dolly yang telah berdiri sejak 1967.",0
Video yang memperlihatkan sepasang laki-laki dan perempuan melakukan persetubuhan di dalam mobil yang sedang melaju dan beredar di media sosial dan diduga terjadi di wilayah Bali.,0
Ketua Umum Partai Kebangkitan Bangsa (PKB) Muhaimin Iskandar alias Cak Imin tetap yakin akan berduet dengan Ketua Umum Gerindra Prabowo Subianto untuk maju dalam Pemilihan Presiden (Pilpres) 2024 mendatang.,0
"Seorang siswi SMA di Bantaeng, Sulawesi Selatan, M (17), dibunuh dan dimutilasi oleh pacarnya berinisial A (17). Menurut pengakuan A, ia membunuh M karena marah ditolak berhubungan seks.",0
"Demo tolak kenaikan harga BBM di Kabupaten Aceh Barat, Aceh ricuh. Seorang pedemo tergeletak di tengah jalan karena terkena tembakan gas air mata yang mengenai dadanya.",0
"Kapolres Ponorogo AKBP Catur Cahyono Wibowo membeberkan peran dua tersangka penganiayaan hingga tewas terhadap AM (17), santri Pondok Pesantren Modern Darussalam Gontor, Ponorogo.",0
"Gubernur Sumatera Utara Edy Rahmayadi terjun mendatangi massa dari Aksi Bela Rakyat yang menggelar demonstrasi menolak kenaikan bahan bakar minyak (BBM) di depan Kantor Gubernur Sumut, Medan, Senin (12/9).",0
"Sekretaris DPW PKB Jatim Anik Maslachah membela Ketua DPRD Lumajang Anang Akhmad Syaifuddin, yang disebut salah melafalkan Pancasila.",0
"Massa pekerja yang tergabung dalam Aliansi Buruh Aceh (ABA) menuntut kenaikan upah minimum provinsi (UMP) Aceh tahun 2023 sebesar 20 hingga 25 persen di tengah demo harga bahan bakar minyak (BBM), Banda Aceh, Kamis (8/9).",0
TNI Angkatan Laut memulai investigasi untuk mencari penyebab jatuhnya pesawat latihan Bonanza T-2503 di Selat Madura.,0
"Usai merampungkan proses autopsi dan ekshumasi jenazah AM (17), santri Pondok Pesantren Modern Darussalam Gontor, Ponorogo, Jawa Timur, polisi secepatnya akan melakukan gelar perkara. AM tewas akibat dugaan penganiayaan.",0
"Gubernur Sumatera Utara (Sumut), Edy Rahmayadi sempat menyentil pengurus Golkar saat menghadiri peresmian kantor baru DPD Partai Demokrat Sumut di Jalan Sudirman, Medan.",0
"Puluhan siswa dan guru yang jadi korban ambruknya jembatan gantung di Probolinggo, Jawa Timur, disebutkan mengalami luka cukup serius.",0
"Puluhan siswa sekolah dasar dan menengah terjatuh ke sungai ketika jembatan gantung yang mereka lintasi di Desa Kregenan, Kecamatan Pajarakan, Probolinggo, Jawa Timur, putus, Jumat (9/9) pagi.",0
"Polisi menyelidiki temuan mayat hangus terbakar tanpa kepala yang ditemukan di semak-semak Pantai Marina Semarang, Jawa Tengah.",0
"Polda Jawa Timur (Jatim) tengah mengusut dugaan penggelapan distribusi Bahan Bakar Minyak (BBM) seberat ribuan ton di perusahaan pelayaran di Surabaya, PT Meratus Line.",0
"Majelis Sinode Gereja Masehi Injili di Timor (MS GMIT) merespons kasus pencabulan yang dilakukan salah satu calon pendeta atau vikaris, SAS, yang diduga melakukan pencabulan terhadap enam anak di Kabupaten Alor, Nusa Tenggara Timur (NTT).",0
"DPRD Kabupaten Pamekasan, Jawa Timur, mengambil langkah cepat soal polemik acara guru pendidikan anak usia dini (PAUD) dibubarkan paksa polisi yang sempat viral di publik.",0
"Wali Kota Solo, Jawa Tengah, Gibran Rakabuming Raka menyesali langkah Komisi V DPR RI yang berencana memangkas subsidi angkutan umum massal perkotaan dengan skema buy the service (BTS).",0
Polisi mengatakan ledakan yang terjadi di markas Direktorat Polisi Air dan Udara (Ditpolairud) Polda Sulawesi Tenggara pada Kamis (8/9) pagi terjadi di ruang penyimpanan barang bukti.,0
"Wali Kota Cilegon Helldy Agustian dan wakilnya, Sanuji Pentamarta, menandatangani penolakan pendirian gereja di sebuah kain putih. Momen itu terekam dalam video yang diambil di Kantor Wali Kota Cilegon, Rabu (7/9).",0
"Massa dari Akumulasi Kemarahan Buruh dan Rakyat (AKBAR) membakar poster Ketua DPR Puan Maharani saat menggelar demonstrasi menolak kenaikan harga BBM di depan Gedung DPRD Sumatera Utara, Kamis (8/9).",0
"Demo menolak kenaikan bahan bakar minyak (BBM) puluhan mahasiswa dari BEM SI se-Sumatera Utara di depan Gedung DPRD Sumut nyaris ricuh, Kamis (8/9).",0
"Ribuan mahasiswa berdemonstrasi menolak kenaikan harga bahan bakar minyak (BBM), Kamis (8/9) siang.",0
"Aksi menolak kenaikan harga Bahan Bakar Minyak (BBM) akan kembali digelar sejumlah elemen gabungan di Kota Semarang, Jawa Tengah, Kamis (8/9).",0
Terjadi ledakan di Markas Direktorat Polisi Air Udara (Polairud) Polda Sulawesi Tenggara (Sultra) pada Kamis (8/9) dini hari.,0
"Kenaikan harga bahan bakar minyak (BBM) bersubsidi mendapat penolakan dari masyarakat, dan diprotes lewat demonstrasi di sejumlah daerah di Indonesia, dari wilayah Barat hingga Timur.",0
"Pihak kepolisian melakukan ekshumasi (bongkar makam) dan autopsi santri Pondok Pesantren Modern Gontor 1 Ponorogo, AM, yang tewas dianiaya senior, Kamis (8/9).",0
Pesawat Latih TNI AL jenis Bonanza G36 T-2503 yang jatuh di perairan Selat Madura telah ditemukan dan akan mengangkat bangkai pesawat.,0
"Anggota Polres Ponorogo didampingi Polda Jatim dan RS Bhayangkara M Hasan Palembang melaksanakan ekshumasi (bongkar makam) AM, santri Gontor yang tewas di aniaya rekannya.",0
"Setidaknya sebanyak 7 orang pengunjuk rasa kenaikan harga BBM di Palembang, Sumatera Selatan, ditangkap usai sempat ricuh dan mengadang iring-iringan mobil Wakil Presiden RI Ma'ruf Amin, Rabu (7/8) sore.",0
"Dua ponsel jurnalis yang menjadi alat kerja saat meliput demo menolak kenaikan harga BBM di depan Gedung DPR Aceh, Banda Aceh, dirusak oknum polisi berpakaian preman, pada Rabu (7/9).",0
"DPRD Kabupaten Pamekasan, Jawa Timur, menyatakan bakal mengajak perwakilan pedemo di Bumi Gerbang Salam untuk ikut ke Jakarta menyampaikan aspirasi ke pemerintah pusat terkait penolakan harga bahan bakar minyak (BBM).",0
"Bupati Alor, Nusa Tenggara Timur (NTT), Amon Djobo, mengecam aksi pencabulan yang dilakukan seorang vikaris atau calon pendeta, SAS (36) terhadap anak-anak di bawah umur di wilayahnya.",0
"Aparat kepolisian Polres Alor, Nusa Tenggara Timur (NTT) mengamankan seorang calon pendeta atau vikkaris GMIT asal Kupang, SAS, yang diduga mencabuli enam anak di wilayah tersebut.",0
"Wahana Lingkungan Hidup Indonesia (Walhi) Kaltim menyoroti pembangunan Pembangkit Listrik Tenaga Air (PLTA) Kayan di Kecamatan Peso, Kabupaten Bulungan, Kalimantan Utara. Proyek PLTA Kayan bakal menyuplai pasokan listrik ke Ibu Kota Negara (IKN) di Sepaku, Kaltim.",0
"Puluhan abang becak bermotor (betor) yang tergabung dalam Aliansi Betor Bersatu melakukan unjuk rasa menolak kenaikan harga bahan bakar minyak (BBM) dengan menggeruduk Kantor Pertamina Sumatera Bagian Utara (Sumbagut) di Jalan Yos Sudarso, Medan, Rabu (7/9).",0
"Unjuk rasa mahasiswa yang menolak kenaikan harga Bahan Bakar Minyak (BBM) bersubsidi di Makassar, Sulawesi Selatan, masih berlangsung hingga Rabu (7/9) malam.",0
"Massa yang mengatasnamakan dirinya Aliansi Rakyat Bergerak (ARB) berkumpul di depan Gedung DPRD DIY, Rabu (7/9) sore. Mereka menyuarakan penolakan kebijakan kenaikan harga BBM.",0
"Motif tewasnya seorang santri Pondok Pesantren Modern Darussalam Gontor, Ponorogo, Jawa Timur, AM (17) mulai terungkap. Diduga pelaku menganiaya korban hingga tewas akibat kesal karena hilangnya beberapa alat perkemahan.",0
"Video seorang ibu dari Kota Medan curhat kepada pengacara kondang Hotman Paris, viral di media sosial. Ibu itu bercerita bahwa anak perempuannya diduga diperkosa secara bergiliran oleh kepala sekolah, pimpinan administrasi, hingga tukang sapu.",0
"Massa aksi yang menolak kenaikan harga BBM menjebol gerbang barat Gedung DPRD Daerah Istimewa Yogyakarta (DIY), Kota Yogyakarta, Rabu (7/9).",0
"Sejumlah Perusahaan Otobus (PO) Antar Kota Antar Provinsi (AKAP) yang beroperasi di Terminal Cicaheum, Kota Bandung, Jawa Barat, mengerek tarif sebesar Rp30 ribu hingga Rp40 ribu usai harga BBM subsidi naik.",0
"Massa Himpunan Mahasiswa Islam (HMI) Cabang Makassar mendesak masuk ke dalam kantor Pertamina Regional Sulawesi yang berada di Jalan Garuda, Kota Makassar, Sulawesi Selatan.",0
"Gelombang aksi penolakan kenaikan harga bahan bakar minyak (BBM) terus berlangsung di Sumatera Utara (Sumut), Rabu (7/9).",0
"Demonstrasi menolak kenaikan harga BBM di depan Gedung DPR Aceh berlangsung ricuh, pada Rabu (7/9). Kericuhan itu akibat massa aksi sudah tidak terkendali dan melempar aparat dengan batu hingga melakukan perusakan terhadap dua kendaraan milik polisi.",0
"Unjuk rasa menolak kenaikan harga Bahan Bakar Minyak (BBM) di Makassar, Sulawesi Selatan, ricuh. Kericuhan itu dipicu saat mahasiswa mencoba menahan sebuah truk untuk digunakan sebagai mimbar menyampaikan orasinya. Namun, pihak kepolisian menghalangi aksi mahasiswa.",0
"Juru bicara Pondok Pesantren Modern Darussalam Gontor, Ponorogo, Jawa Timur, Noor Syahid menganggap santri yang meninggal dunia akibat dianiaya seniornya, AM (17) mati syahid.",0
Demonstrasi menolak kenaikan harga BBM di depan Gedung DPR Aceh berlangsung ricuh. Aparat kepolisian yang berpakaian lengkap mendorong mundur massa aksi dari mahasiswa UIN Ar-Raniry Banda Aceh.,0
Demonstrasi sejumlah elemen masyarakat menolak kenaikan harga bahan bakar minyak (BBM) digelar di depan Istana Bogor dan gedung DPRD Kota Bogor pada Rabu (6/9) ini. Polisi pun menyiapkan rekayasa lalu lintas di sekitar lokasi demo.,0
"Polresta Yogyakarta mengerahkan ratusan personel guna mengamankan jalannya demonstrasi menolak kenaikan harga BBM di depan gedung DPRD DIY, Kota Yogyakarta, DIY, Rabu (7/8) ini.",0
Akun media sosial gerakan Gejayan Memanggil mengumumkan aliansi masyarakat akan turun ke jalan hari ini untuk demonstrasi menolak kenaikan harga Bahan Bakar Minyak (BBM).,0
Ketua Hipmi Maluku Asiz Tuni diduga menagih pengusaha bawang berinisial AI Rp150 juta untuk disetor kepada Gubernur Maluku Murad Ismail terkait pemberian izin pembangunan lapak di atas trotoar. Hal itu terungkap dalam rekaman video yang viral di media sosial.,0
"Komisi Nasional Hak Asasi Manusia (Komnas HAM) perwakilan Papua meminta agar kasus mutilasi yang terjadi terhadap empat warga Nduga di Timika, Kabupaten Mimika diusut hingga tuntas.",0
Mahasiswa di Gorontalo yang berorasi kata-kata tak senonoh ditujukan untuk Presiden RI Joko Widodo (Jokowi) pada saat demo protes kenaikan harga Bahan Bakar Minyak (BBM) diberikan sanksi membuat karya tulis selama satu semester oleh kampusnya.,0
"Pihak keluarga santri almarhum AM (17) mengaku kecewa pada Ponpes Darussalam Gontor, Ponorogo, Jawa Timur yang sempat menutup-tutupi penyebab wafatnya anak mereka saat mengantar jenazah.",0
Massa buruh Jawa Timur menyindir Ketua Umum PDIP Megawati Soekarnoputri yang kini tidak menangis saat harga bahan bakar minyak (BBM) dinaikkan pemerintah.,0
"Seribuan massa buruh Jawa Timur mulai berdatangan di Kantor Gubernur Jawa Timur, di Jalan Pahlawan, Surabaya untuk melaksanakan demonstrasi menolak kenaikan harga Bahan Bakar Minyak (BBM).",0
Pihak kepolisian menangkap delapan orang yang diduga terlibat bentrok dengan warga saat demo menolak kenaikan harga Bahan Bakar Minyak (BBM).,0
Partai Keadilan Sejahtera (PKS) Jawa Timur menolak kebijakan pemerintah yang menaikkan harga BBM bersubsidi. PKS meminta Presiden Joko Widodo menarik kebijakan yang merugikan rakyat.,0
"Ratusan buruh yang tergabung dalam Konfederasi Serikat Pekerja Indonesia (KSPI) menggelar aksi menolak kenaikan harga BBM di di depan Gedung DPRD Jawa Tengah, Selasa (6/9) siang.",0
"Massa dari berbagai elemen buruh menggelar aksi unjuk rasa di depan gedung DPRD Sumatera Utara (Sumut), Selasa (6/9). Mereka menolak kenaikan harga BBM yang ditetapkan pemerintah.",0
"Polisi menduga santri di Pondok Pesantren Modern Darussalam Gontor yang jadi korban penganiayaan lebih dari satu orang. Menurut Kapolres Ponorogo AKBP Catur Cahyono Wibowo, selain satu orang santri tewas, ada dua santri yang mengalami luka-luka akibat kekerasan.",0
"Polresta Kendari bersama Pemerintah Kota Kendari, Sulawesi Tenggara menyiapkan bus gratis untuk mengantar anak-anak sekolah selama sopir angkot mogok massal akibat kenaikan harga BBM.",0
"Sekelompok warga di Kota Yogyakarta, DIY, yang tergabung dalam Gerakan WNI Menggugat mengirimkan surat untuk Ketua Umum PDI Perjuangan Megawati Soekarnoputri terkait kebijakan pemerintah menaikkan harga bahan bakar minyak (BBM) bersubsidi.",0
Dinas Perhubungan Daerah Istimewa Yogyakarta (DIY) bakal mengurangi jam operasional Bus TransJogja buntut kenaikan harga bahan bakar minyak (BBM).,0
Masyarakat dari berbagai elemen di Daerah Istimewa Yogyakarta (DIY) berencana menggelar aksi penolakan kenaikan harga Bahan Bakar Minyak (BBM) pada 7 dan 8 September 2022 besok.,0
"Satreskrimsus Polda Maluku menggagalkan penyelundupan BBM jenis solar dan minyak tanah dari Desa Kaitetu, Leihitu, Maluku Tengah ke Seram Bagian Barat. Total, ada enam orang yang ditangkap.",0
"Komisi Yudisial (KY) memantau langsung jalannya persidangan kasus pemerkosaan santriwati dengan terdakwa Moch Subchi Azal Tsani (MSAT) alias Bechi, di Pengadilan Negeri (PN) Surabaya, Senin (5/9).",0
"Aparat kepolisian melepaskan tembakan gas air mata ke arah massa mahasiswa yang masih melakukan perlawanan ke petugas dengan melemparkan batu dan bom molotov di Kota Makassar, Senin (5/9).",0
"Sejumlah aktivis mahasiswa dan buruh dikumpulkan di salah satu hotel di tengah gejolak aksi unjuk rasa penolakan kenaikan harga Bahan Bakar Minyak (BBM) di Makassar, Sulawesi Selatan.",0
"Pondok Pesantren Modern Darussalam Gontor, Ponorogo, Jawa Timur, mengakui pihaknya sempat menutupi penyebab kematian AM (17), santri asal Palembang, yang tewas dianiaya, dari keluarga korban.",0
"Buruh di Jawa Timur akan menggelar aksi demonstrasi setelah pemerintah pusat menaikkan harga BBM jenis pertalite, solar, dan pertamax. Mereka menolak keputusan pemerintah karena berdampak pada inflasi dan daya beli masyarakat.",0
"Pondok Pesantren Modern Darussalam Gontor, Ponorogo, Jawa Timur, mengakui salah satu santrinya meninggal dunia karena diduga dianiaya. Santri itu berinisial AM asal Palembang, Sumatera Selatan.",0
"Kapolres Lampung Tengah, AKBP Doffie Fahlevi Sanjaya mengatakan pelaku Aipda Rudy Suryanto masih berpakaian seragam polisi lengkap saat melakukan penembakan terhadap korban Aipda Karnain.",0
"Organisasi Angkutan Darat (Organda) di Makassar, Sulawesi Selatan, menaikkan tarif semua jenis trayek sebesar Rp1.000 imbas kenaikan harga bahan bakar minyak (BBM).",0
"Anggota polisi Polsek Pengubuan, Polres Lampung Tengah, Aipda Ahmad Karnain (41) tewas ditembak rekan sekantornya sendiri Aipda Rudy Suryanto (39) di rumahnya di Jalan Merpati, Bandar Jaya Barat, Kecamatan Terbanggi Besar, Lampung Tengah, Minggu (4/9) malam sekitar pukul 22.00 WIB.",0
Para pengendara angkutan kota atau angkot di sejumlah daerah di Jawa Barat menggelar mogok massal karena menuntut kenaikan tarif usai harga Bahan Bakar Minyak (BBM) naik.,0
"Mahasiswa yang berorasi dengan menggunakan kata-kata tak senonoh terhadap Presiden Jokowi saat unjuk rasa menolak kenaikan harga Bahan Bakar Minyak (BBM) di Gorontalo beberapa waktu lalu, akhirnya meminta maaf.",0
"Pemerintah resmi menaikkan harga Bahan Bakar Minyak (BBM) pada akhir pekan lalu. Lonjakan harga BBM itu berdampak pada naiknya tarif angkutan umum (angkot) di Kota Bandung.
Berdasarkan pengakuan warga Bandung, Rendra (37), kenaikan tarif angkot di salah satu trayek, mencapai Rp1.000 dari tarif biasanya.",0
Executive Vice President PT Pos Indonesia (Persero) Kantor Regional VI Ronald Siahaan mengatakan pihaknya sudah menyalurkan bantuan langsung tunai (BLT) bahan bakar Minyak (BBM) ke 873.466 keluarga.,0
"Dari wilayah Indonesia barat hingga timur, pasukan-pasukan polisi bersiaga mengawal aksi unjuk rasa menolak kenaikan harga Bahan Bakar Minyak (BBM) pada Senin (5/9).",0
"Ongkos angkot atau angkutan kota di Medan terkerek 30 persen dari tarif awal akibat kenaikan harga bahan bakar minyak (BBM) jenis pertalite, solar, dan pertamax per 3 September kemarin.",0
"Sebuah minibus Toyota HiAce dan truk trailer terlibat kecelakaan di Jalan Tol Semarang-Batang, Jawa Tengah. Sopir minibus diduga mengantuk sehingga menabrak bagian belakang truk tersebut.",0
"Polisi mengatakan mahasiswa yang mengucapkan kata tak senonoh ke Presiden Joko Widodo saat unjuk rasa di Gorontalo tidak ditahan. Namun, polisi memastikan proses hukum tetap berjalan.",0
"Sebanyak dua orang ibu di Makassar, Sulawesi Utara, yang sedang menjalani masa hukuman terpaksa membawa anaknya ke dalam Rumah Tahanan (Rutan) Makassar. Anak-anak itu dibawa karena masih membutuhkan asupan air susu ibu (ASI).",0
"Usai kasus kebocoran miliaran data SIM card di forum gelap, Menteri Komunikasi dan Informatika Johnny G. Plate menyarankan dua hal. Apa saja?",0
"Seorang mahasiswa baru Fakultas Teknik Universitas Negeri Islam (UIN) Alauddin Makassar, berinisial MH melaporkan lima orang seniornya ke polisi. Ia mengaku dianiaya oleh para seniornya tersebut.",0
"Tiga pesawat dilaporkan gagal mendarat di Bandara Internasional Pattimura, Ambon, Maluku, Minggu (4/9). Humas PT Angkasa Pura I Bandara Pattimura Ambon Aditya Narendra mengatakan ada tiga pesawat yang dialihkan ke bandara asal akibat cuaca buruk di lokasi.",0
"Seorang warga di Kupang, Nusa Tenggara Timur, berinisial AA ditangkap polisi karena diduga menimbun bahan bakar minyak (BBM) jenis solar sebanyak enam ton.",0
Kepala Kanwil I Komisi Pengawas Persaingan Usaha (KPPU) Ridho Pamungkas mewanti-wanti kepada pelaku usaha untuk tidak menjadikan kenaikan BBM sebagai kedok dan aji mumpung dalam menaikkan harga pangan dan barang lainnya.,0
Kepolisian Semarang melumpuhkan dua tersangka kasus narkoba yang mencoba kabur saat hendak ditangkap pada Sabtu (3/9).,0
"Pemilihan Raja Negeri Kulur, Kecamatan Saparua, Maluku Tengah, berakhir ricuh. Kericuhan pecah setelah surat suara ditemukan sudah dicoblos sebelum hari pelaksanaan.",0
"Mahasiswa demonstran penolak kenaikan harga bahan bakar minyak di Makassar, Sulawesi Selatan, menyandera truk tangki milik Pertamina.",0
"Jaksa Agung RI, ST Burhanuddin, menghibahkan barang rampasan negara berupa lahan seluas 7,6 hektar untuk Pemerintah Provinsi Bali.",0
"Sebanyak 27 Stasiun Pengisian Bahan Bakar Umum (SPBU) di Kota Serang, Banten, dipantau polisi. Tujuannya, memastikan ketersediaan BBM, terutama jenis Pertalite dan Solar.",0
"Usai kena prank kenaikan harga Pertalite pada 1 September, sejumlah warga merasa kecolongan karena tak tahu bakal ada kenaikan harga BBM hari ini, Sabtu (3/9). Alhasil, mereka tidak sempat mengisi bahan bakar sebelum harga baru berlaku.",0
Himpunan Mahasiswa Islam (HMI) Cabang Makassar merespons kenaikan harga Bahan Bakar Minyak (BBM) dengan membakar ban bekas dan memblokade jalan.,0
Seorang remaja di Medan mengalami luka bakar usai 'dimandikan' bensin oleh tetangganya gara-gara mencuri ikan teri. Pria berinisial BP yang menyiramkan bensin tersebut telah ditangkap dan ditetapkan sebagai tersangka.,0
"Seorang perempuan berinisial YS warga Desa Waai, Kecamatan Salahutu, Kabupaten Maluku Tengah, Maluku ditangkap lantaran melakukan penimbunan 2.000 liter atau 2 ton minyak tanah subsidi.",0
"Sekitar 158 ribu Kepala Keluarga (KK) di Banten tidak memiliki jamban yang layak. Kemudian, ada sekitar 77 ribu KK yang tidak memiliki akses bersih dan layak konsumsi. Meski air terlihat jernih, namun berpotensi tercemar kimia.",0
"Setelah di Bandung, Jawa Barat, pada pekan lalu, Musyawarah Rakyat Indonesia (Musra) besutan para relawan Jokowi rencananya akan digelar di Kota Makassar, Sulawesi Selatan.",0
"Dinas Sosial Pemprov Jawa Barat memberdayakan Orang dengan HIV/AIDS (ODHA) lewat pelatihan untuk menjadi barista di Lembang, Kabupaten Bandung Barat.",0
Pemerintah Provinsi Nusa Tenggara Timur (NTT) angkat suara merespons seorang tersangka kasus KDRT yakni EBM ditunjuk menjadi Pelaksana Tugas (Plt) Kepala Biro Umum yang baru.,0
"Massa Himpunan Mahasiswa Islam (HMI) Cabang Gowa Raya menggelar aksi menolak kenaikan harga bahan bakar minyak (BBM), Jumat (2/9).",0
"Manajemen playground anak di Ciputra World Surabaya, Playtopia mengaku telah bertemu dengan keluarga Menteri Sosial (Mensos) Tri Rismaharini. Mereka mengaku sudah meminta maaf atas kejadian dugaan pengusiran yang menimpa salah satu cucu Risma.",0
Gubernur Sumatera Utara (Sumut) Edy Rahmayadi memerintahkan seluruh aparatur sipil negara (ASN) di lingkungan Pemerintah Provinsi (Pemprov) Sumut untuk menanam cabai merah dan cabai rawit di pekarangan rumah masing-masing.,0
Kepala Kepolisian Daerah Jawa Barat (Polda Jabar) Irjen Suntana menyatakan pihaknya melakukan antisipasi kerawanan dampak dari rencana kenaikan BBM subsidi jenis pertalite maupun solar. Seluruh polres di wilayah Jawa Barat diminta untuk melakukan pengawasan.,0
"Manajemen playground anak di Ciputra World Surabaya, Playtopia, tak banyak berkomentar terkait pengusiran dan dugaan rasisme terhadap Cucu Menteri Sosial (Mensos) Tri Rismaharini atau Risma.",0
Menteri Pariwisata dan Ekonomi Kreatif Sandiaga Uno telah menyatakan kesiapannya untuk maju di Pilpres 2024 mendatang. Ia bahkan mengaku sudah dihubungi banyak partai.,0
"Polres Sigi mendalami video curhatan mantan polisi wanita (polwan), Yuni Utami yang viral di media sosial. Dalam video itu Yuni mengaku dipecat dari Polri pada 2014 karena menolak membebaskan tersangka pemerkosaan.",0
Gubernur Khofifah Indar Parawansa memastikan pasokan BBM maupun LPG atau elpiji 3 kilogram di Jawa Timur dalam kondisi aman. Ia meminta masyarakat tidak panic buying atau membeli BBM secara berlebihan.,0
"Kepolisian Resor (Polres) Madiun, Jawa Timur mengamankan 13 titik penyekatan yang berbatasan langsung dengan Kabupaten Madiun guna mengantisipasi mobilitas massa dalam kegiatan puncak peringatan satu abad Perguruan Pencak Silat Persaudaraan Setia Hati Terate (PSHT) yang berlangsung pada Jumat, (2/9).",0
"Harga telur ayam di kabupaten Gowa, Sulawesi Selatan melonjak menjadi Rp60 ribu per rak dipicu oleh kenaikan pakan ayam.",0
Gubernur Nusa Tenggara Timur (NTT) Viktor Bungtilu Laiskodat menunjuk EBM (49) alias Erik yang berstatus tersangka dalam kasus Kekerasan Dalam Rumah Tangga (KDRT) menjadi  Pelaksana Tugas (Plt) Kepala Biro (Karo) Umum Sekretariat Daerah (Setda) NTT.,0
"Personel TNI dan Polri akan dikerahkan dalam upaya menggalakkan penanaman cabai oleh warga Medan, Sumatera Utara di rumah masing-masing.",0
"Menantu Menteri Sosial (Mensos) Tri Rismaharini, Erra Masita Maharani geram karena anaknya diduga mengalami perlakuan rasisme hingga pengusiran oleh petugas playground anak di Mal Ciputra World, Kota Surabaya.",0
"Seorang anak berusia 14 tahun di Bagan Deli, Medan Belawan, Kota Medan, Sumatera Utara, M disiram bensin oleh tetangganya berinisial BP. Anak tersebut diduga mencuri ikan teri milik BP. Kasus penyiraman bensin ini ditangani Polres Pelabuhan Belawan.",0
"Selebritas Nikita Mirzani mendatangi Mapolresta Serang Kota, Banten, untuk memenuhi wajib lapor terkait kasus dugaan pelanggan UU ITE yang dilaporkan Dito Mahendra, Kamis (1/9).",0
"Wakil Wali Kota Cilegon, Sanuji Pentamarta membantah pihaknya menolak pendirian gereja di wilayahnya.",0
"Anak Menteri Sosial (Mensos) Tri Rismaharini, Fuad Benardi mengklaim buah hatinya mendapat tindakan diskriminasi etnis usai diusir dari playground anak Mal Ciputra World Surabaya, Jawa Timur.",0
"Seorang mahasiswa, warga negara Timor Leste berinisial EHL (25), tewas usai dianiaya oleh orang tak dikenal (OTK) di daerah Jalan HOS Cokroaminoto, Tegalrejo, Yogyakarta, Rabu (31/8) malam.",0
"Menteri ESDM Arifin Tasrif menyebut Indonesia membakar US$80 juta atau setara Rp1,2 triliun setiap harinya hanya dari konsumsi BBM sepeda motor.",0
,0
"Pemerintah Kabupaten Kepulauan Mentawai, Sumatera Barat menetapkan masa tanggap darurat selama 21 hari hingga 19 September usai terjadi gempa dengan magnitudo 6,4.",0
Menteri Koordinator bidang Kemaritiman dan Investasi (Menko Marves) Luhut Binsar Panjaitan mengklaim tingkat keterisian atau okupansi hotel di Bali dan pesawat di Bandara I Gusti Ngurah Rai sudah mencapai 85 persen.,0
Propam Polda Aceh melakukan pemeriksaan terhadap 17 personel Polres Aceh Timur dan dua warga sipil buntut tewasnya personel Satres Narkoba polres setempat bernama Briptu Wendi Pratama.,0
"Wali Kota Bandung Yana Mulyana menjelaskan soal kehadirannya untuk meresmikan Gedung Dakwah Aliansi Nasional Anti Syiah (ANNAS) di Jalan R.A.A. Martanegara Nomor 30 Turangga, Kota Bandung, pada 28 Agustus 2022. Kehadirannya itu mendapatkan kritik dari sejumlah pihak.",0
"Jelang kenaikan harga BBM bersubsidi, Pertalite dan Solar, pasokan langka bahkan habis di salah satu SPBU Kota Serang, Banten. SPBU itu mengumumkan lewat secarik kertas putih bertuliskan 'Pertalite Kosong.'",0
"Warga Kabupaten Maros, Sulawesi Selatan (Sulsel), mengeluhkan kelangkaan BBM jenis Pertalite di sejumlah SPBU Pertamina setempat.",0
"Himpunan Mahasiswa Islam (HMI) Solo Raya menggelar demonstrasi menolak kenaikan harga Bahan Bakar Minyak (BBM) di depan Balai Kota Solo, Jawa Tengah, Rabu (31/8) petang.",0
"Jelang rencana kenaikan harga BBM, Polres Nganjuk, Jawa Timur, mengungkap praktik penimbunan 2.000 liter pertalite dari tangan dua tersangka.",0
"Ratusan buruh dan pekerja Jawa Timur (Jatim) menggelar aksi demonstrasi memprotes rencana kenaikan harga BBM, di depan Gedung Negara Grahadi, Surabaya.",0
"Sejumlah personel kepolisian berjaga di sejumlah Stasiun Pengisian Bahan Bakar Umum (SPBU) di Kabupaten Serang dan Kota Serang, Banten, jelang kemungkinan pengumuman kenaikan harga Bahan Bakar Minyak (BBM).",0
"Aksi unjuk rasa mahasiswa menolak kenaikkan harga Bahan Bakar Minyak (BBM) di Makassar, Sulawesi Selatan, diwarnai aksi saling dorong antara mahasiswa dengan petugas kepolisian.",0
Majelis Hakim Pengadilan Tinggi Bandung memerintahkan agar Bahar Smith dikeluarkan dari rumah tahanan.,0
"Rina Wulandari, istri sekaligus korban penembakan suaminya sendiri Kopda Muslimin, akhirnya diperbolehkan pulang ke rumah setelah menjalani perawatan medis selama 38 hari di RSUP Dokter Kariadi Semarang.",0
"Dinas Kesehatan Kabupaten Cianjur, Jawa Barat mencatat angka kematian akibat HIV/AIDS selama 2021 hingga 2022 mencapai 93 orang. Dari jumlah itu, enam orang di antaranya merupakan anak-anak.",0
"Polda Bali telah menangkap dua pelaku pembunuhan Gusti Mirah (42), seorang pegawai BPD Gianyar Bali. Salah satu pelaku diketahui adalah pacar korban berinisial NSP (31).",0
Gubernur Jawa Barat Ridwan Kamil merespons usulan Wakil Gubernur Uu Ruzhanul Ulum agar para suami melakukan poligami untuk menekan kasus HIV/AIDS di kalangan ibu rumah tangga. Ridwan Kamil atau Emil menegaskan tak sepakat dengan pernyataan Uu.,0
Pengurus Besar Nahdlatul Ulama (PBNU) menanggapi pernyataan Wakil Gubernur Jawa Barat Uu Ruzhanul Ulum terkait solusi HIV/AIDS adalah poligami.,0
"Wali Kota Solo, Jawa Tengah, Gibran Rakabuming Raka mengaku belum menerima laporan dari Koalisi Dog Meat Free Indonesia (DMFI) mengenai Sungai Bengawan Solo tercemar darah dan organ tubuh anjing diduga dari rumah jagal.",0
"Seorang ibu di kota Medan, Sumatera Utara, yang menjewer telinga balita tetangganya hingga memar telah ditangkap polisi setelah dilaporkan orangtua korban.",0
Wakil Gubernur Jawa Barat Uu Ruzhanul Ulum kembali memantik perhatian publik atas pernyataannya terkait HIV/AIDS. Dia menawarkan solusi berupa poligami untuk mencegah penyebaran HIV/AIDS di Jawa Barat. ,0
"Sejumlah usaha mikro kecil dan menengah (UMKM) sektor kuliner di Makassar, Sulawesi Selatan, terancam bangkrut akibat lonjakan harga telur dan tepung terigu.",0
"Ditresnarkoba Polda Banten kembali berhasil mengungkap tindak pidana peredaran narkoba jenis ganja. Dari hasil pengungkapan Satres Narkoba Polres Serang Kabupaten, Polda Banten, petugas menangkap lima tersangka di tiga wilayah berbeda, dengan barang bukti ganja lebih dari tiga kilogram.",0
"Direktur Operasional PT Kayan Hydro Energy (KHE) Khaeroni membantah tudingan Bupati Bulungan Syarwani yang mengatakan proyek pembangunan Pembangkit Listrik Tenaga Air (PLTA) Kayan di Kecamatan Peso, Bulungan, Kalimantan Utara, minim progres.",0
"Sebanyak 2.326 orang mengungsi ke tenda pengungsian akibat gempa magnitudo 6,4 di Pulau Siberut, Mentawai. Badan Penanggulangan Bencana Daerah (BPBD) menyebutkan jumlah tersebut akan terus bertambah.",0
"Seorang pensiunan Polri pangkat AKBP diduga melakukan kekerasan terhadap pelajar Sekolah Dasar (SDN) di Kota Cilegon, Banten.",0
Himpunan Mahasiswa Islam (HMI) Badan Koordinasi Daerah (Badko) Sulawesi Selatan (Sulsel) menolak rencana pemerintah menaikkan harga Bahan Bakar Minyak (BBM) jenis Pertalite.,0
"Polda Papua mengatakan seorang masyarakat sipil masuk dalam Daftar Pencarian Orang (DPO) terkait kasus pembunuhan sadis di Timika, Papua. Sejauh ini tiga warga sipil yang telah ditangkap.",0
"Korban meninggal dunia akibat ledakan tabung gas kompor pembakaran jenazah saat upacara ngaben massal di Kabupaten Gianyar, Bali, bertambah menjadi tiga orang.",0
"Kebakaran menghanguskan 34 rumah semi permanen di Kampung Mafta (Majelis Ta'lim Fardhu Ain), di Desa Telaga Said, Dusun 3 Darat Hulu, Kecamatan Sei Lepan, Kabupaten Langkat, Sumatera Utara (Sumut).",0
"Puluhan warga di Waoihaong, Kecamatan Nusaniwe, Ambon, Maluku berebut kupon untuk mendapat jatah satu jerigen 5 liter minyak tanah di tengah kelangkaan komoditas tersebut.",0
"Badan Meteorologi, Klimatologi, dan Geofisika (BMKG) mencatat tujuh gempa bumi mengguncang Mentawai, Sumatera Barat, pada Senin (29/08), sejak pukul 00.04 sampai 18.44 WIB.",0
"Perusahaan ritel asal Uni Emirat Arab (UEA) PT Lulu Group Retail berencana investasi US$4 juta atau setara Rp59,6 miliar (asumsi kurs Rp 14.876 per dolar AS) di Solo.",0
"Seorang dosen berinisial BS dari Fakultas Kehutanan Universitas Mulawarman (Unmul) Kalimantan Timur, dilaporkan ke polisi atas dugaan pelecehan seksual.",0
"Briptu Wendi Pratama yang ditemukan tewas tertembak di bagian kepala di rumahnya di Desa Seuneubok Punteut, Kecamatan Peudawa, Kabupaten Aceh Timur pada Kamis (25/8), dimakamkan tanpa upacara kedinasan kepolisian.",0
Ratusan santri dan ulama menggeruduk Kantor DPW PPP buntut ucapan Suharso Monoarfa terkait 'amplop kiai' pada acara Pembekalan Antikorupsi Politik Cerdas Berintegritas yang diselenggarakan KPK pada 15 Agustus 2022 lalu.,0
"Petugas kepolisian menangkap empat kawanan pencurian di salah satu hotel di Makassar, Sulawesi Selatan dengan mengaku sebagai anggota Polrestabes Makassar. Dalam aksinya kawanan polisi gadungan tersebut berdalih menggelar razia narkotika dan prostitusi online.",0
